,Player,Nation,Pos,Squad,Comp,Age,Born,Playing Time - MP,Playing Time - Starts,Playing Time - Min,Playing Time - 90s,Performance - GA,Performance - GA90,Performance - SoTA,Performance - Saves,Performance - Save%,Performance - W,Performance - D,Performance - L,Performance - CS,Performance - CS%,Penalty Kicks - PKatt,Penalty Kicks - PKA,Penalty Kicks - PKsv,Penalty Kicks - PKm,Penalty Kicks - Save%
0,Antonio Adán,ESP,GK,Betis,es La Liga,29.0,1987.0,37.0,37.0,3330.0,37.0,62.0,1.68,182.0,125.0,68.1,10.0,8.0,19.0,10.0,27.0,5.0,4.0,1.0,0.0,20.0
1,René Adler,DEU,GK,Hamburger SV,de Bundesliga,31.0,1985.0,19.0,19.0,1710.0,19.0,38.0,2.0,87.0,49.0,59.8,5.0,4.0,10.0,5.0,26.3,6.0,3.0,1.0,2.0,25.0
2,Adrián,ESP,GK,West Ham,eng Premier League,29.0,1987.0,16.0,16.0,1440.0,16.0,25.0,1.56,78.0,53.0,70.5,5.0,4.0,7.0,6.0,37.5,3.0,2.0,0.0,1.0,0.0
3,Ryan Allsop,GBR,GK,Bournemouth,eng Premier League,24.0,1992.0,1.0,1.0,90.0,1.0,1.0,1.0,5.0,4.0,80.0,0.0,1.0,0.0,0.0,0.0,0.0,0.0,0.0,0.0,
4,Sergio Álvarez,ESP,GK,Celta Vigo,es La Liga,29.0,1986.0,26.0,26.0,2340.0,26.0,51.0,1.96,137.0,90.0,65.7,8.0,3.0,15.0,5.0,19.2,5.0,4.0,0.0,1.0,0.0
5,Diego Alves,BRA,GK,Valencia,es La Liga,31.0,1985.0,33.0,33.0,2970.0,33.0,56.0,1.7,134.0,87.0,61.9,11.0,7.0,15.0,6.0,18.2,11.0,5.0,4.0,2.0,44.4
6,Jon Ander Serantes,ESP,GK,Leganés,es La Liga,26.0,1989.0,13.0,13.0,1110.0,12.3,22.0,1.78,50.0,31.0,62.0,4.0,1.0,8.0,4.0,30.8,3.0,3.0,0.0,0.0,0.0
7,Miguel Ángel Moyá,ESP,GK,Atlético Madrid,es La Liga,32.0,1984.0,9.0,8.0,769.0,8.6,6.0,0.7,30.0,24.0,80.0,6.0,2.0,0.0,5.0,62.5,0.0,0.0,0.0,0.0,
8,Markel Areitio,ESP,GK,Eibar,es La Liga,19.0,1996.0,1.0,0.0,45.0,0.5,0.0,0.0,2.0,2.0,100.0,0.0,0.0,0.0,0.0,,0.0,0.0,0.0,0.0,
9,Alphonse Areola,FRA,GK,Paris S-G,fr Ligue 1,23.0,1993.0,15.0,14.0,1297.0,14.4,14.0,0.97,35.0,21.0,62.9,9.0,2.0,3.0,6.0,42.9,1.0,1.0,0.0,0.0,0.0
10,Kepa Arrizabalaga,ESP,GK,Athletic Club,es La Liga,21.0,1994.0,23.0,23.0,2016.0,22.4,22.0,0.98,62.0,40.0,64.5,14.0,3.0,6.0,8.0,34.8,0.0,0.0,0.0,0.0,
11,Sergio Asenjo,ESP,GK,Villarreal,es La Liga,27.0,1989.0,24.0,24.0,2105.0,23.4,15.0,0.64,80.0,67.0,82.5,10.0,9.0,5.0,11.0,45.8,2.0,1.0,1.0,0.0,50.0
12,Emil Audero,ITA,GK,Juventus,it Serie A,19.0,1997.0,1.0,1.0,90.0,1.0,1.0,1.0,2.0,1.0,50.0,1.0,0.0,0.0,0.0,0.0,0.0,0.0,0.0,0.0,
13,Loic Badiashile,FRA,GK,Monaco,fr Ligue 1,18.0,1998.0,1.0,0.0,45.0,0.5,0.0,0.0,2.0,2.0,150.0,1.0,0.0,0.0,1.0,,1.0,1.0,0.0,0.0,0.0
14,Diego Barrios,ESP,GK,Leganés,es La Liga,22.0,1994.0,1.0,0.0,61.0,0.7,1.0,1.48,2.0,1.0,50.0,0.0,0.0,0.0,0.0,,0.0,0.0,0.0,0.0,
15,Oliver Baumann,DEU,GK,Hoffenheim,de Bundesliga,26.0,1990.0,34.0,34.0,3060.0,34.0,37.0,1.09,150.0,113.0,76.0,16.0,14.0,4.0,12.0,35.3,3.0,1.0,1.0,1.0,50.0
16,Asmir Begović,BIH,GK,Chelsea,eng Premier League,29.0,1987.0,2.0,2.0,180.0,2.0,5.0,2.5,6.0,1.0,16.7,1.0,0.0,1.0,0.0,0.0,0.0,0.0,0.0,0.0,
17,Diego Benaglio,CHE,GK,Wolfsburg,de Bundesliga,32.0,1983.0,14.0,14.0,1260.0,14.0,22.0,1.57,63.0,41.0,68.3,5.0,1.0,8.0,3.0,21.4,4.0,2.0,1.0,1.0,33.3
18,Walter Benítez,ARG,GK,Nice,fr Ligue 1,23.0,1993.0,3.0,2.0,215.0,2.4,1.0,0.42,6.0,5.0,83.3,0.0,2.0,0.0,1.0,50.0,0.0,0.0,0.0,0.0,
19,Etrit Berisha,ALB,GK,Atalanta,it Serie A,27.0,1989.0,26.0,26.0,2340.0,26.0,26.0,1.0,77.0,51.0,70.1,15.0,7.0,4.0,11.0,42.3,3.0,3.0,0.0,0.0,0.0
20,Albano Bizzarri,ARG,GK,Pescara,it Serie A,38.0,1977.0,29.0,29.0,2610.0,29.0,68.0,2.34,169.0,101.0,62.7,1.0,6.0,22.0,2.0,6.9,5.0,5.0,0.0,0.0,0.0
21,Rubén Blanco,ESP,GK,Celta Vigo,es La Liga,21.0,1995.0,11.0,11.0,990.0,11.0,15.0,1.36,40.0,30.0,75.0,5.0,3.0,3.0,2.0,18.2,5.0,5.0,0.0,0.0,0.0
22,Artur Boruc,POL,GK,Bournemouth,eng Premier League,36.0,1980.0,35.0,35.0,3150.0,35.0,63.0,1.8,176.0,113.0,65.3,11.0,9.0,15.0,9.0,25.7,4.0,2.0,2.0,0.0,50.0
23,Denys Boyko,UKR,GK,Málaga,es La Liga,28.0,1988.0,3.0,3.0,270.0,3.0,7.0,2.33,10.0,3.0,30.0,0.0,2.0,1.0,0.0,0.0,0.0,0.0,0.0,0.0,
24,Claudio Bravo,CHL,GK,Manchester City,eng Premier League,33.0,1983.0,22.0,22.0,1968.0,21.9,26.0,1.19,60.0,34.0,56.7,12.0,5.0,5.0,5.0,22.7,1.0,0.0,1.0,0.0,100.0
26,Claudio Bravo,CHL,GK,Barcelona,es La Liga,33.0,1983.0,1.0,1.0,90.0,1.0,2.0,2.0,2.0,0.0,0.0,1.0,0.0,0.0,0.0,0.0,0.0,0.0,0.0,0.0,
27,Alberto Brignoli,ITA,GK,Leganés,es La Liga,24.0,1991.0,1.0,0.0,60.0,0.7,3.0,4.5,3.0,0.0,0.0,0.0,0.0,0.0,0.0,,0.0,0.0,0.0,0.0,
28,Gianluigi Buffon,ITA,GK,Juventus,it Serie A,38.0,1978.0,30.0,30.0,2655.0,29.5,24.0,0.81,91.0,67.0,74.7,22.0,3.0,5.0,12.0,40.0,1.0,1.0,0.0,0.0,0.0
29,Roman Bürki,CHE,GK,Dortmund,de Bundesliga,25.0,1990.0,27.0,27.0,2430.0,27.0,29.0,1.07,97.0,68.0,72.2,16.0,6.0,5.0,9.0,33.3,2.0,2.0,0.0,0.0,0.0
30,Jack Butland,GBR,GK,Stoke City,eng Premier League,23.0,1993.0,5.0,5.0,450.0,5.0,8.0,1.6,24.0,16.0,66.7,1.0,2.0,2.0,2.0,40.0,0.0,0.0,0.0,0.0,
31,Willy Caballero,ARG,GK,Manchester City,eng Premier League,34.0,1981.0,17.0,16.0,1452.0,16.1,13.0,0.81,45.0,32.0,75.6,11.0,4.0,1.0,6.0,37.5,4.0,2.0,0.0,2.0,0.0
32,Rafael Cabral,BRA,GK,Napoli,it Serie A,26.0,1990.0,1.0,1.0,90.0,1.0,0.0,0.0,1.0,1.0,100.0,0.0,1.0,0.0,1.0,100.0,0.0,0.0,0.0,0.0,
33,Yoan Cardinale,FRA,GK,Nice,fr Ligue 1,22.0,1994.0,36.0,36.0,3205.0,35.6,35.0,0.98,154.0,119.0,79.9,22.0,10.0,4.0,11.0,30.6,4.0,4.0,0.0,0.0,0.0
34,Cédric Carrasso,FRA,GK,Bordeaux,fr Ligue 1,34.0,1981.0,24.0,24.0,2160.0,24.0,22.0,0.92,71.0,49.0,73.2,10.0,9.0,5.0,9.0,37.5,3.0,3.0,0.0,0.0,0.0
35,Kiko Casilla,ESP,GK,Real Madrid,es La Liga,29.0,1986.0,11.0,11.0,990.0,11.0,10.0,0.91,30.0,22.0,70.0,9.0,2.0,0.0,5.0,45.5,2.0,1.0,1.0,0.0,50.0
36,Koen Casteels,BEL,GK,Wolfsburg,de Bundesliga,24.0,1992.0,20.0,20.0,1800.0,20.0,30.0,1.5,92.0,62.0,67.4,5.0,6.0,9.0,8.0,40.0,1.0,0.0,0.0,1.0,
37,Joel Castro Pereira,PRT,GK,Manchester Utd,eng Premier League,20.0,1996.0,1.0,1.0,90.0,1.0,0.0,0.0,3.0,3.0,100.0,1.0,0.0,0.0,1.0,100.0,0.0,0.0,0.0,0.0,
38,Petr Čech,CZE,GK,Arsenal,eng Premier League,34.0,1982.0,35.0,35.0,3097.0,34.4,37.0,1.08,150.0,113.0,81.3,22.0,5.0,7.0,12.0,34.3,9.0,9.0,0.0,0.0,0.0
39,Nereo Champagne,ARG,GK,Leganés,es La Liga,31.0,1985.0,4.0,4.0,360.0,4.0,4.0,1.0,16.0,12.0,75.0,0.0,3.0,1.0,1.0,25.0,0.0,0.0,0.0,0.0,
40,Paul Charruau,FRA,GK,Bastia,fr Ligue 1,23.0,1993.0,1.0,0.0,42.0,0.5,1.0,2.14,2.0,1.0,50.0,0.0,0.0,1.0,0.0,,0.0,0.0,0.0,0.0,
41,Sergei Chernik,BLR,GK,Nancy,fr Ligue 1,28.0,1988.0,17.0,15.0,1377.0,15.3,21.0,1.37,67.0,46.0,73.1,3.0,3.0,9.0,5.0,33.3,3.0,3.0,0.0,0.0,0.0
42,Jasper Cillessen,NLD,GK,Barcelona,es La Liga,27.0,1989.0,1.0,1.0,90.0,1.0,2.0,2.0,4.0,2.0,50.0,0.0,0.0,1.0,0.0,0.0,0.0,0.0,0.0,0.0,
43,Fabio Coltorti,CHE,GK,RB Leipzig,de Bundesliga,35.0,1980.0,1.0,1.0,90.0,1.0,0.0,0.0,2.0,2.0,100.0,1.0,0.0,0.0,1.0,100.0,0.0,0.0,0.0,0.0,
44,Andrea Consigli,ITA,GK,Sassuolo,it Serie A,29.0,1987.0,37.0,37.0,3330.0,37.0,56.0,1.51,191.0,135.0,73.3,14.0,7.0,16.0,7.0,18.9,8.0,5.0,2.0,1.0,28.6
45,Alex Cordaz,ITA,GK,Crotone,it Serie A,33.0,1983.0,36.0,36.0,3236.0,36.0,54.0,1.5,203.0,149.0,76.4,9.0,7.0,20.0,4.0,11.1,9.0,6.0,2.0,1.0,25.0
46,Angelo da Costa Júnior,BRA,GK,Bologna,it Serie A,32.0,1983.0,18.0,17.0,1541.0,17.1,26.0,1.52,88.0,62.0,73.9,4.0,4.0,9.0,1.0,5.9,3.0,3.0,0.0,0.0,0.0
47,Benoît Costil,FRA,GK,Rennes,fr Ligue 1,29.0,1987.0,38.0,38.0,3420.0,38.0,42.0,1.11,143.0,101.0,71.3,12.0,14.0,12.0,12.0,31.6,4.0,1.0,1.0,2.0,50.0
48,Thibaut Courtois,BEL,GK,Chelsea,eng Premier League,24.0,1992.0,36.0,36.0,3240.0,36.0,28.0,0.78,99.0,71.0,73.7,29.0,3.0,4.0,16.0,44.4,2.0,2.0,0.0,0.0,0.0
49,Luca Crosta,ITA,GK,Cagliari,it Serie A,18.0,1998.0,1.0,1.0,90.0,1.0,1.0,1.0,7.0,6.0,100.0,1.0,0.0,0.0,0.0,0.0,2.0,1.0,1.0,0.0,50.0
50,Iván Cuéllar,ESP,GK,Sporting Gijón,es La Liga,32.0,1984.0,36.0,36.0,3240.0,36.0,69.0,1.92,184.0,123.0,65.8,6.0,10.0,20.0,7.0,19.4,8.0,6.0,2.0,0.0,25.0
52,Morgan De Sanctis,ITA,GK,Monaco,fr Ligue 1,39.0,1977.0,1.0,1.0,90.0,1.0,1.0,1.0,3.0,2.0,66.7,1.0,0.0,0.0,0.0,0.0,0.0,0.0,0.0,0.0,
53,Paul Delecroix,FRA,GK,Lorient,fr Ligue 1,27.0,1988.0,7.0,7.0,630.0,7.0,18.0,2.57,39.0,21.0,59.0,2.0,2.0,3.0,0.0,0.0,2.0,2.0,0.0,0.0,0.0
54,Thomas Didillon,FRA,GK,Metz,fr Ligue 1,20.0,1995.0,32.0,32.0,2880.0,32.0,64.0,2.0,192.0,128.0,69.3,9.0,8.0,15.0,9.0,28.1,6.0,5.0,1.0,0.0,16.7
55,Jaume Doménech,ESP,GK,Valencia,es La Liga,25.0,1990.0,3.0,3.0,270.0,3.0,4.0,1.33,13.0,9.0,69.2,2.0,0.0,1.0,1.0,33.3,0.0,0.0,0.0,0.0,
56,Gianluigi Donnarumma,ITA,GK,Milan,it Serie A,17.0,1999.0,38.0,38.0,3420.0,38.0,45.0,1.18,189.0,144.0,78.8,18.0,9.0,11.0,12.0,31.6,10.0,5.0,2.0,3.0,28.6
57,Bartłomiej Drągowski,POL,GK,Fiorentina,it Serie A,18.0,1997.0,1.0,1.0,90.0,1.0,2.0,2.0,6.0,4.0,66.7,0.0,1.0,0.0,0.0,0.0,0.0,0.0,0.0,0.0,
58,Matthieu Dreyer,FRA,GK,Caen,fr Ligue 1,27.0,1989.0,2.0,2.0,180.0,2.0,2.0,1.0,11.0,9.0,90.9,1.0,0.0,1.0,1.0,50.0,1.0,1.0,0.0,0.0,0.0
59,Jaroslav Drobný,CZE,GK,Werder Bremen,de Bundesliga,36.0,1979.0,10.0,10.0,849.0,9.4,15.0,1.59,45.0,30.0,71.1,3.0,4.0,2.0,1.0,10.0,2.0,2.0,0.0,0.0,0.0
60,Maxime Dupé,FRA,GK,Nantes,fr Ligue 1,23.0,1993.0,16.0,16.0,1440.0,16.0,20.0,1.25,63.0,43.0,73.0,8.0,3.0,5.0,5.0,31.3,3.0,3.0,0.0,0.0,0.0
61,Vincent Enyeama,NGA,GK,Lille,fr Ligue 1,33.0,1982.0,32.0,32.0,2854.0,31.7,40.0,1.26,125.0,85.0,71.2,10.0,7.0,15.0,8.0,25.0,6.0,4.0,1.0,1.0,20.0
62,Michael Esser,DEU,GK,Darmstadt 98,de Bundesliga,28.0,1987.0,28.0,28.0,2484.0,27.6,50.0,1.81,144.0,94.0,68.8,6.0,3.0,19.0,3.0,10.7,7.0,5.0,1.0,1.0,16.7
63,Łukasz Fabiański,POL,GK,Swansea City,eng Premier League,31.0,1985.0,37.0,37.0,3330.0,37.0,69.0,1.86,174.0,105.0,63.8,11.0,5.0,21.0,8.0,21.6,8.0,6.0,1.0,1.0,14.3
64,Ralf Fährmann,DEU,GK,Schalke 04,de Bundesliga,27.0,1988.0,34.0,34.0,3060.0,34.0,40.0,1.18,118.0,78.0,71.2,11.0,10.0,13.0,8.0,23.5,10.0,6.0,4.0,0.0,40.0
65,Adam Federici,AUS,GK,Bournemouth,eng Premier League,31.0,1985.0,2.0,2.0,180.0,2.0,3.0,1.5,8.0,5.0,62.5,1.0,0.0,1.0,1.0,50.0,1.0,0.0,0.0,1.0,
66,Álvaro Fernández,ESP,GK,Osasuna,es La Liga,18.0,1998.0,1.0,0.0,45.0,0.5,0.0,0.0,1.0,1.0,100.0,0.0,0.0,0.0,0.0,,0.0,0.0,0.0,0.0,
67,Andrés Fernández,ESP,GK,Villarreal,es La Liga,29.0,1986.0,15.0,14.0,1315.0,14.6,18.0,1.23,68.0,54.0,79.4,9.0,1.0,4.0,5.0,35.7,4.0,4.0,0.0,0.0,0.0
68,Mario Fernández,ESP,GK,Osasuna,es La Liga,28.0,1988.0,7.0,7.0,585.0,6.5,14.0,2.15,29.0,18.0,55.2,0.0,4.0,3.0,1.0,14.3,3.0,1.0,2.0,0.0,66.7
69,Marco Festa,ITA,GK,Crotone,it Serie A,24.0,1992.0,3.0,2.0,184.0,2.0,4.0,1.96,13.0,9.0,69.2,0.0,0.0,2.0,0.0,0.0,1.0,0.0,0.0,1.0,
70,Vincenzo Fiorillo,ITA,GK,Pescara,it Serie A,26.0,1990.0,9.0,9.0,810.0,9.0,15.0,1.67,42.0,27.0,66.7,1.0,3.0,5.0,1.0,11.1,1.0,1.0,0.0,0.0,0.0
71,Fraser Forster,GBR,GK,Southampton,eng Premier League,28.0,1988.0,38.0,38.0,3420.0,38.0,48.0,1.26,130.0,82.0,67.7,12.0,10.0,16.0,14.0,36.8,9.0,6.0,1.0,2.0,14.3
72,Ben Foster,GBR,GK,West Brom,eng Premier League,33.0,1983.0,38.0,38.0,3420.0,38.0,51.0,1.34,160.0,109.0,70.0,12.0,9.0,17.0,6.0,15.8,3.0,3.0,0.0,0.0,0.0
73,Andrea Fulignati,ITA,GK,Palermo,it Serie A,21.0,1994.0,9.0,9.0,810.0,9.0,14.0,1.56,44.0,30.0,70.5,3.0,2.0,4.0,3.0,33.3,1.0,1.0,0.0,0.0,0.0
74,Gabriel,BRA,GK,Cagliari,it Serie A,23.0,1992.0,3.0,3.0,270.0,3.0,5.0,1.67,13.0,8.0,69.2,1.0,1.0,1.0,0.0,0.0,1.0,1.0,0.0,0.0,0.0
75,David de Gea,ESP,GK,Manchester Utd,eng Premier League,25.0,1990.0,35.0,35.0,3150.0,35.0,29.0,0.83,103.0,74.0,75.7,16.0,14.0,5.0,14.0,40.0,4.0,4.0,0.0,0.0,0.0
76,Dani Giménez,ESP,GK,Betis,es La Liga,33.0,1983.0,1.0,1.0,90.0,1.0,2.0,2.0,5.0,3.0,60.0,0.0,1.0,0.0,0.0,0.0,0.0,0.0,0.0,0.0,
78,Shay Given,IRL,GK,Stoke City,eng Premier League,40.0,1976.0,5.0,5.0,450.0,5.0,14.0,2.8,33.0,19.0,60.6,0.0,1.0,4.0,0.0,0.0,2.0,1.0,1.0,0.0,50.0
79,Mauro Goicoechea,URY,GK,Toulouse,fr Ligue 1,28.0,1988.0,2.0,2.0,180.0,2.0,0.0,0.0,8.0,8.0,100.0,0.0,2.0,0.0,2.0,100.0,0.0,0.0,0.0,0.0,
80,Pierluigi Gollini,ITA,GK,Atalanta,it Serie A,21.0,1995.0,4.0,4.0,360.0,4.0,1.0,0.25,12.0,11.0,91.7,3.0,1.0,0.0,3.0,75.0,0.0,0.0,0.0,0.0,
81,Heurelho Gomes,BRA,GK,Watford,eng Premier League,35.0,1981.0,38.0,38.0,3337.0,37.1,64.0,1.73,177.0,113.0,65.5,11.0,7.0,19.0,6.0,15.8,4.0,3.0,1.0,0.0,25.0
82,Mathieu Gorgelin,FRA,GK,Lyon,fr Ligue 1,25.0,1990.0,1.0,1.0,90.0,1.0,2.0,2.0,4.0,2.0,50.0,1.0,0.0,0.0,0.0,0.0,0.0,0.0,0.0,0.0,
83,Lee Grant,GBR,GK,Stoke City,eng Premier League,33.0,1983.0,28.0,28.0,2520.0,28.0,34.0,1.21,123.0,89.0,72.4,10.0,8.0,10.0,9.0,32.1,0.0,0.0,0.0,0.0,
84,Théo Guivarch,FRA,GK,Guingamp,fr Ligue 1,20.0,1995.0,1.0,0.0,50.0,0.6,2.0,3.6,4.0,2.0,75.0,0.0,0.0,1.0,0.0,,1.0,1.0,0.0,0.0,0.0
85,Péter Gulácsi,HUN,GK,RB Leipzig,de Bundesliga,26.0,1990.0,33.0,33.0,2970.0,33.0,39.0,1.18,102.0,63.0,64.7,19.0,7.0,7.0,9.0,27.3,5.0,3.0,2.0,0.0,40.0
86,Brad Guzan,USA,GK,Middlesbrough,eng Premier League,31.0,1984.0,10.0,10.0,900.0,10.0,17.0,1.7,53.0,36.0,69.8,2.0,3.0,5.0,3.0,30.0,2.0,1.0,0.0,1.0,0.0
87,Samir Handanović,SVN,GK,Inter,it Serie A,32.0,1984.0,37.0,37.0,3330.0,37.0,47.0,1.27,157.0,110.0,73.2,18.0,5.0,14.0,9.0,24.3,6.0,5.0,1.0,0.0,16.7
88,Martin Hansen,DNK,GK,Ingolstadt 04,de Bundesliga,26.0,1990.0,23.0,23.0,2037.0,22.6,34.0,1.5,98.0,64.0,70.4,8.0,5.0,10.0,3.0,13.0,6.0,5.0,1.0,0.0,16.7
89,Joe Hart,GBR,GK,Torino,it Serie A,29.0,1987.0,36.0,36.0,3240.0,36.0,62.0,1.72,166.0,104.0,66.3,12.0,14.0,10.0,5.0,13.9,6.0,6.0,0.0,0.0,0.0
90,Tom Heaton,GBR,GK,Burnley,eng Premier League,30.0,1986.0,35.0,35.0,3150.0,35.0,48.0,1.37,189.0,141.0,76.7,11.0,7.0,17.0,10.0,28.6,5.0,4.0,1.0,0.0,20.0
91,Wayne Hennessey,GB-WLS,GK,Crystal Palace,eng Premier League,29.0,1987.0,29.0,29.0,2610.0,29.0,46.0,1.59,133.0,87.0,66.9,9.0,3.0,17.0,7.0,24.1,2.0,2.0,0.0,0.0,0.0
92,Iago Herrerín,ESP,GK,Leganés,es La Liga,28.0,1988.0,21.0,21.0,1825.0,20.3,25.0,1.23,66.0,45.0,66.7,4.0,7.0,10.0,6.0,28.6,4.0,3.0,1.0,0.0,25.0
93,Daniel Heuer Fernandes,PRT,GK,Darmstadt 98,de Bundesliga,23.0,1992.0,7.0,6.0,576.0,6.4,13.0,2.03,43.0,30.0,72.1,1.0,1.0,4.0,0.0,0.0,1.0,1.0,0.0,0.0,0.0
94,Marwin Hitz,CHE,GK,Augsburg,de Bundesliga,28.0,1987.0,32.0,32.0,2880.0,32.0,50.0,1.56,162.0,112.0,71.6,9.0,9.0,14.0,7.0,21.9,5.0,4.0,0.0,1.0,0.0
95,Timo Horn,DEU,GK,Köln,de Bundesliga,23.0,1993.0,20.0,20.0,1800.0,20.0,24.0,1.2,91.0,67.0,76.9,9.0,6.0,5.0,6.0,30.0,3.0,3.0,0.0,0.0,0.0
96,Lukáš Hrádecký,FIN,GK,Eint Frankfurt,de Bundesliga,26.0,1989.0,33.0,33.0,2883.0,32.0,40.0,1.25,111.0,71.0,66.7,10.0,9.0,13.0,10.0,30.3,4.0,3.0,0.0,1.0,0.0
97,Jannik Huth,DEU,GK,Mainz 05,de Bundesliga,22.0,1994.0,7.0,7.0,630.0,7.0,9.0,1.29,26.0,17.0,65.4,2.0,2.0,3.0,2.0,28.6,0.0,0.0,0.0,0.0,
98,Gorka Iraizoz,ESP,GK,Athletic Club,es La Liga,35.0,1981.0,16.0,15.0,1404.0,15.6,21.0,1.35,57.0,39.0,64.9,5.0,3.0,7.0,3.0,20.0,3.0,1.0,2.0,0.0,66.7
99,Eldin Jakupović,CHE,GK,Hull City,eng Premier League,31.0,1984.0,22.0,22.0,1980.0,22.0,36.0,1.64,107.0,71.0,70.1,8.0,4.0,10.0,5.0,22.7,7.0,4.0,2.0,1.0,33.3
100,Rune Jarstein,NOR,GK,Hertha BSC,de Bundesliga,31.0,1984.0,34.0,34.0,3060.0,34.0,47.0,1.38,150.0,103.0,71.3,15.0,4.0,15.0,11.0,32.4,5.0,4.0,1.0,0.0,20.0
101,Karl-Johan Johnsson,SWE,GK,Guingamp,fr Ligue 1,26.0,1990.0,37.0,37.0,3280.0,36.4,51.0,1.4,153.0,102.0,70.6,13.0,8.0,15.0,8.0,21.6,10.0,6.0,2.0,2.0,25.0
102,Geoffrey Jourdren,FRA,GK,Montpellier,fr Ligue 1,30.0,1986.0,13.0,13.0,1170.0,13.0,28.0,2.15,64.0,36.0,60.9,3.0,4.0,6.0,1.0,7.7,3.0,3.0,0.0,0.0,0.0
104,Carlos Kameni,CMR,GK,Málaga,es La Liga,32.0,1984.0,35.0,35.0,3150.0,35.0,48.0,1.37,133.0,92.0,68.4,12.0,8.0,15.0,8.0,22.9,7.0,6.0,1.0,0.0,14.3
105,Loris Karius,DEU,GK,Liverpool,eng Premier League,23.0,1993.0,10.0,10.0,900.0,10.0,12.0,1.2,32.0,20.0,65.6,6.0,3.0,1.0,3.0,30.0,1.0,1.0,0.0,0.0,0.0
106,Orestis Karnezis,GRC,GK,Udinese,it Serie A,31.0,1985.0,33.0,33.0,2958.0,32.9,45.0,1.37,129.0,84.0,70.5,11.0,7.0,15.0,7.0,21.2,8.0,7.0,0.0,1.0,0.0
107,Eiji Kawashima,JPN,GK,Metz,fr Ligue 1,33.0,1983.0,5.0,5.0,450.0,5.0,6.0,1.2,23.0,17.0,73.9,2.0,1.0,2.0,1.0,20.0,1.0,0.0,1.0,0.0,100.0
108,Thomas Kessler,DEU,GK,Köln,de Bundesliga,30.0,1986.0,13.0,13.0,1170.0,13.0,18.0,1.38,64.0,46.0,73.4,3.0,6.0,4.0,3.0,23.1,1.0,1.0,0.0,0.0,0.0
109,Alban Lafont,FRA,GK,Toulouse,fr Ligue 1,17.0,1999.0,36.0,36.0,3240.0,36.0,41.0,1.14,158.0,117.0,79.1,10.0,12.0,14.0,10.0,27.8,9.0,8.0,1.0,0.0,11.1
110,Eugenio Lamanna,ITA,GK,Genoa,it Serie A,26.0,1989.0,21.0,20.0,1883.0,20.9,37.0,1.77,95.0,58.0,62.1,5.0,4.0,12.0,2.0,10.0,3.0,1.0,1.0,1.0,50.0
111,Jean-Louis Leca,FRA,GK,Bastia,fr Ligue 1,30.0,1985.0,34.0,34.0,3017.0,33.5,43.0,1.28,144.0,101.0,72.9,8.0,9.0,16.0,8.0,23.5,8.0,4.0,3.0,1.0,42.9
112,Benjamin Lecomte,FRA,GK,Lorient,fr Ligue 1,25.0,1991.0,31.0,31.0,2790.0,31.0,52.0,1.68,162.0,110.0,69.1,8.0,4.0,19.0,4.0,12.9,4.0,2.0,1.0,1.0,33.3
113,Bernd Leno,DEU,GK,Leverkusen,de Bundesliga,24.0,1992.0,34.0,34.0,3060.0,34.0,55.0,1.62,160.0,105.0,67.5,11.0,8.0,15.0,6.0,17.6,3.0,3.0,0.0,0.0,0.0
114,Benjamin Leroy,FRA,GK,Dijon,fr Ligue 1,27.0,1989.0,1.0,1.0,90.0,1.0,0.0,0.0,2.0,2.0,100.0,0.0,1.0,0.0,1.0,100.0,1.0,0.0,0.0,1.0,
115,Alexandre Letellier,FRA,GK,Angers,fr Ligue 1,25.0,1990.0,6.0,6.0,540.0,6.0,9.0,1.5,26.0,17.0,65.4,1.0,1.0,4.0,1.0,16.7,0.0,0.0,0.0,0.0,
116,Luca Lezzerini,ITA,GK,Fiorentina,it Serie A,21.0,1995.0,1.0,0.0,51.0,0.6,0.0,0.0,2.0,2.0,100.0,1.0,0.0,0.0,0.0,,0.0,0.0,0.0,0.0,
117,Heinz Lindner,AUT,GK,Eint Frankfurt,de Bundesliga,26.0,1990.0,2.0,1.0,175.0,1.9,3.0,1.54,9.0,6.0,66.7,1.0,0.0,1.0,1.0,100.0,0.0,0.0,0.0,0.0,
118,Raúl Lizoain,ESP,GK,Las Palmas,es La Liga,25.0,1991.0,13.0,13.0,1170.0,13.0,27.0,2.08,57.0,34.0,59.6,3.0,4.0,6.0,3.0,23.1,4.0,4.0,0.0,0.0,0.0
119,Hugo Lloris,FRA,GK,Tottenham,eng Premier League,29.0,1986.0,34.0,34.0,3004.0,33.4,24.0,0.72,101.0,77.0,77.2,24.0,5.0,4.0,15.0,44.1,1.0,1.0,0.0,0.0,0.0
120,Anthony Lopes,PRT,GK,Lyon,fr Ligue 1,25.0,1990.0,37.0,37.0,3330.0,37.0,46.0,1.24,141.0,95.0,70.9,19.0,4.0,13.0,12.0,32.4,6.0,5.0,1.0,0.0,16.7
121,Diego López,ESP,GK,Espanyol,es La Liga,34.0,1981.0,35.0,35.0,3113.0,34.6,38.0,1.1,153.0,117.0,76.5,15.0,9.0,11.0,11.0,31.4,2.0,2.0,0.0,0.0,0.0
122,Jonas Lössl,DNK,GK,Mainz 05,de Bundesliga,27.0,1989.0,27.0,27.0,2430.0,27.0,46.0,1.7,134.0,88.0,67.9,8.0,5.0,14.0,5.0,18.5,4.0,3.0,1.0,0.0,25.0
123,Andreas Luthe,DEU,GK,Augsburg,de Bundesliga,29.0,1987.0,2.0,2.0,180.0,2.0,1.0,0.5,14.0,13.0,92.9,0.0,2.0,0.0,1.0,50.0,0.0,0.0,0.0,0.0,
124,Germán Lux,ARG,GK,La Coruña,es La Liga,34.0,1982.0,25.0,25.0,2205.0,24.5,38.0,1.55,111.0,75.0,67.6,5.0,7.0,13.0,6.0,24.0,2.0,2.0,0.0,0.0,0.0
125,Mike Maignan,FRA,GK,Lille,fr Ligue 1,21.0,1995.0,7.0,6.0,566.0,6.3,7.0,1.11,28.0,21.0,75.0,3.0,0.0,3.0,3.0,50.0,0.0,0.0,0.0,0.0,
126,Anthony Maisonnial,FRA,GK,Saint-Étienne,fr Ligue 1,18.0,1998.0,2.0,1.0,168.0,1.9,2.0,1.07,12.0,10.0,83.3,0.0,1.0,1.0,1.0,100.0,0.0,0.0,0.0,0.0,
127,Steve Mandanda,FRA,GK,Crystal Palace,eng Premier League,31.0,1985.0,9.0,9.0,810.0,9.0,17.0,1.89,43.0,26.0,60.5,3.0,2.0,4.0,0.0,0.0,0.0,0.0,0.0,0.0,
128,Vito Mannone,ITA,GK,Sunderland,eng Premier League,28.0,1988.0,9.0,9.0,810.0,9.0,19.0,2.11,59.0,40.0,71.2,1.0,2.0,6.0,2.0,22.2,2.0,2.0,0.0,0.0,0.0
130,Federico Marchetti,ITA,GK,Lazio,it Serie A,33.0,1983.0,17.0,17.0,1485.0,16.5,22.0,1.33,76.0,54.0,72.4,9.0,4.0,4.0,2.0,11.8,5.0,1.0,2.0,2.0,66.7
131,Diego Mariño,ESP,GK,Sporting Gijón,es La Liga,26.0,1990.0,2.0,2.0,180.0,2.0,3.0,1.5,11.0,9.0,81.8,1.0,0.0,1.0,0.0,0.0,1.0,1.0,0.0,0.0,0.0
132,David Marshall,SYC,GK,Hull City,eng Premier League,31.0,1985.0,16.0,16.0,1440.0,16.0,44.0,2.75,107.0,63.0,65.4,1.0,3.0,12.0,0.0,0.0,7.0,7.0,0.0,0.0,0.0
133,Emiliano Martínez,ARG,GK,Arsenal,eng Premier League,23.0,1992.0,2.0,2.0,180.0,2.0,3.0,1.5,8.0,5.0,75.0,1.0,0.0,1.0,1.0,50.0,1.0,1.0,0.0,0.0,0.0
134,Christian Mathenia,DEU,GK,Hamburger SV,de Bundesliga,24.0,1992.0,14.0,14.0,1260.0,14.0,19.0,1.36,58.0,39.0,70.7,5.0,4.0,5.0,3.0,21.4,2.0,2.0,0.0,0.0,0.0
135,Mathieu Michel,FRA,GK,Angers,fr Ligue 1,24.0,1991.0,23.0,23.0,2070.0,23.0,25.0,1.09,69.0,44.0,65.2,11.0,4.0,8.0,8.0,34.8,1.0,1.0,0.0,0.0,0.0
136,Tom Mickel,DEU,GK,Hamburger SV,de Bundesliga,27.0,1989.0,1.0,1.0,90.0,1.0,4.0,4.0,9.0,5.0,55.6,0.0,0.0,1.0,0.0,0.0,0.0,0.0,0.0,0.0,
137,Simon Mignolet,BEL,GK,Liverpool,eng Premier League,28.0,1988.0,28.0,28.0,2520.0,28.0,30.0,1.07,82.0,52.0,65.9,16.0,7.0,5.0,9.0,32.1,4.0,2.0,2.0,0.0,50.0
138,Antonio Mirante,ITA,GK,Bologna,it Serie A,33.0,1983.0,21.0,21.0,1879.0,20.9,32.0,1.53,100.0,68.0,69.0,7.0,4.0,10.0,8.0,38.1,3.0,1.0,1.0,1.0,50.0
139,Jessy Moulin,FRA,GK,Saint-Étienne,fr Ligue 1,30.0,1986.0,6.0,6.0,460.0,5.1,3.0,0.59,26.0,23.0,88.5,3.0,1.0,1.0,2.0,33.3,0.0,0.0,0.0,0.0,
140,Sven Müller,DEU,GK,Köln,de Bundesliga,20.0,1996.0,1.0,1.0,90.0,1.0,0.0,0.0,4.0,4.0,100.0,0.0,1.0,0.0,1.0,100.0,0.0,0.0,0.0,0.0,
141,Guy N'dy Assembé,CMR,GK,Nancy,fr Ligue 1,30.0,1986.0,23.0,23.0,2043.0,22.7,31.0,1.37,103.0,72.0,73.8,6.0,5.0,12.0,6.0,26.1,5.0,4.0,1.0,0.0,20.0
142,Keylor Navas,CRI,GK,Real Madrid,es La Liga,29.0,1986.0,27.0,27.0,2430.0,27.0,31.0,1.15,113.0,83.0,73.5,20.0,4.0,3.0,5.0,18.5,2.0,1.0,0.0,1.0,0.0
143,Neto,BRA,GK,Juventus,it Serie A,27.0,1989.0,8.0,7.0,675.0,7.5,2.0,0.27,15.0,13.0,86.7,6.0,1.0,0.0,5.0,71.4,0.0,0.0,0.0,0.0,
144,Manuel Neuer,DEU,GK,Bayern Munich,de Bundesliga,30.0,1986.0,26.0,26.0,2340.0,26.0,13.0,0.5,67.0,54.0,80.6,19.0,6.0,1.0,14.0,53.8,0.0,0.0,0.0,0.0,
145,Kristoffer Nordfeldt,SWE,GK,Swansea City,eng Premier League,27.0,1989.0,1.0,1.0,90.0,1.0,1.0,1.0,5.0,4.0,80.0,1.0,0.0,0.0,0.0,0.0,0.0,0.0,0.0,0.0,
146,Ørjan Nyland,NOR,GK,Ingolstadt 04,de Bundesliga,25.0,1990.0,12.0,11.0,1023.0,11.4,23.0,2.02,62.0,39.0,66.1,0.0,3.0,8.0,0.0,0.0,2.0,2.0,0.0,0.0,0.0
147,David Oberhauser,FRA,GK,Metz,fr Ligue 1,25.0,1990.0,1.0,1.0,90.0,1.0,2.0,2.0,4.0,2.0,50.0,0.0,1.0,0.0,0.0,0.0,0.0,0.0,0.0,0.0,
148,Jan Oblak,SVN,GK,Atlético Madrid,es La Liga,23.0,1993.0,30.0,30.0,2651.0,29.4,21.0,0.71,81.0,63.0,77.8,17.0,7.0,6.0,15.0,50.0,4.0,3.0,1.0,0.0,25.0
149,Guillermo Ochoa,MEX,GK,Granada,es La Liga,31.0,1985.0,38.0,38.0,3420.0,38.0,82.0,2.16,242.0,163.0,66.9,4.0,8.0,26.0,3.0,7.9,4.0,2.0,1.0,1.0,33.3
150,Adrián Ortolá,ESP,GK,Alavés,es La Liga,22.0,1993.0,2.0,2.0,180.0,2.0,1.0,0.5,7.0,6.0,85.7,1.0,1.0,0.0,1.0,50.0,0.0,0.0,0.0,0.0,
151,David Ospina,COL,GK,Arsenal,eng Premier League,27.0,1988.0,2.0,1.0,143.0,1.6,4.0,2.52,9.0,5.0,55.6,0.0,1.0,1.0,0.0,0.0,0.0,0.0,0.0,0.0,
152,Juan Pablo Carrizo,ARG,GK,Inter,it Serie A,32.0,1984.0,1.0,1.0,90.0,1.0,2.0,2.0,4.0,2.0,50.0,1.0,0.0,0.0,0.0,0.0,0.0,0.0,0.0,0.0,
153,Fernando Pacheco,ESP,GK,Alavés,es La Liga,24.0,1992.0,36.0,36.0,3240.0,36.0,42.0,1.17,149.0,113.0,74.5,13.0,12.0,11.0,11.0,30.6,6.0,4.0,2.0,0.0,33.3
154,Daniele Padelli,ITA,GK,Torino,it Serie A,30.0,1985.0,2.0,2.0,180.0,2.0,4.0,2.0,7.0,3.0,57.1,1.0,0.0,1.0,0.0,0.0,1.0,1.0,0.0,0.0,0.0
156,Costel Pantilimon,ROU,GK,Watford,eng Premier League,29.0,1987.0,2.0,0.0,83.0,0.9,4.0,4.34,10.0,6.0,60.0,0.0,0.0,1.0,0.0,,0.0,0.0,0.0,0.0,
157,Alberto Pelagotti,ITA,GK,Empoli,it Serie A,26.0,1989.0,3.0,3.0,270.0,3.0,5.0,1.67,13.0,8.0,61.5,0.0,0.0,3.0,0.0,0.0,0.0,0.0,0.0,0.0,
158,Yohann Pelé,FRA,GK,Marseille,fr Ligue 1,33.0,1982.0,38.0,38.0,3420.0,38.0,41.0,1.08,163.0,122.0,76.1,17.0,11.0,10.0,18.0,47.4,2.0,2.0,0.0,0.0,0.0
159,Nauzet Pérez,ESP,GK,Osasuna,es La Liga,31.0,1985.0,13.0,13.0,1170.0,13.0,29.0,2.23,66.0,38.0,57.6,1.0,3.0,9.0,0.0,0.0,1.0,1.0,0.0,0.0,0.0
160,Mattia Perin,ITA,GK,Genoa,it Serie A,23.0,1992.0,16.0,16.0,1357.0,15.1,19.0,1.26,55.0,36.0,69.1,4.0,5.0,6.0,6.0,37.5,4.0,2.0,1.0,1.0,33.3
161,Denis Petrić,SRB,GK,Angers,fr Ligue 1,28.0,1988.0,9.0,9.0,810.0,9.0,15.0,1.67,32.0,17.0,56.3,1.0,2.0,6.0,0.0,0.0,1.0,1.0,0.0,0.0,0.0
162,Jordan Pickford,GBR,GK,Sunderland,eng Premier League,22.0,1994.0,29.0,29.0,2610.0,29.0,50.0,1.72,189.0,139.0,74.6,5.0,4.0,20.0,4.0,13.8,2.0,2.0,0.0,0.0,0.0
163,Laurent Pionnier,FRA,GK,Montpellier,fr Ligue 1,34.0,1982.0,25.0,25.0,2250.0,25.0,38.0,1.52,106.0,68.0,67.9,7.0,5.0,13.0,6.0,24.0,4.0,4.0,0.0,0.0,0.0
164,Josip Posavec,HRV,GK,Palermo,it Serie A,20.0,1996.0,29.0,29.0,2610.0,29.0,63.0,2.17,166.0,103.0,65.1,3.0,6.0,20.0,2.0,6.9,5.0,5.0,0.0,0.0,0.0
165,Jérôme Prior,FRA,GK,Bordeaux,fr Ligue 1,20.0,1995.0,14.0,14.0,1260.0,14.0,21.0,1.5,68.0,47.0,70.6,5.0,5.0,4.0,4.0,28.6,1.0,1.0,0.0,0.0,0.0
166,Christian Puggioni,ITA,GK,Sampdoria,it Serie A,35.0,1981.0,21.0,21.0,1890.0,21.0,35.0,1.67,112.0,77.0,72.3,5.0,7.0,9.0,4.0,19.0,5.0,4.0,1.0,0.0,20.0
167,Rafael,BRA,GK,Cagliari,it Serie A,34.0,1982.0,21.0,19.0,1802.0,20.0,32.0,1.6,105.0,73.0,71.4,9.0,2.0,9.0,3.0,15.8,5.0,2.0,2.0,1.0,50.0
168,Darren Randolph,IRL,GK,West Ham,eng Premier League,29.0,1987.0,22.0,22.0,1980.0,22.0,39.0,1.77,104.0,65.0,65.4,7.0,5.0,10.0,4.0,18.2,5.0,3.0,1.0,1.0,25.0
169,Pepe Reina,ESP,GK,Napoli,it Serie A,33.0,1982.0,37.0,37.0,3330.0,37.0,38.0,1.03,124.0,86.0,71.8,26.0,7.0,4.0,12.0,32.4,4.0,3.0,1.0,0.0,25.0
170,Paul Reulet,FRA,GK,Caen,fr Ligue 1,22.0,1994.0,3.0,2.0,197.0,2.2,8.0,3.65,16.0,8.0,50.0,0.0,1.0,1.0,0.0,0.0,0.0,0.0,0.0,0.0,
171,Baptiste Reynet,FRA,GK,Dijon,fr Ligue 1,25.0,1990.0,37.0,37.0,3330.0,37.0,58.0,1.57,198.0,140.0,75.3,8.0,12.0,17.0,9.0,24.3,11.0,9.0,1.0,1.0,10.0
172,Sergio Rico,ESP,GK,Sevilla,es La Liga,22.0,1993.0,35.0,35.0,3150.0,35.0,45.0,1.29,152.0,111.0,72.4,20.0,8.0,7.0,12.0,34.3,4.0,3.0,1.0,0.0,25.0
173,Asier Riesgo,ESP,GK,Eibar,es La Liga,32.0,1983.0,16.0,16.0,1252.0,13.9,19.0,1.37,48.0,32.0,66.7,7.0,3.0,6.0,4.0,25.0,3.0,3.0,0.0,0.0,0.0
174,Rémy Riou,FRA,GK,Nantes,fr Ligue 1,28.0,1987.0,22.0,22.0,1980.0,22.0,34.0,1.55,88.0,54.0,68.2,6.0,6.0,10.0,5.0,22.7,6.0,6.0,0.0,0.0,0.0
175,Roberto,ESP,GK,Espanyol,es La Liga,30.0,1986.0,4.0,3.0,307.0,3.4,12.0,3.52,22.0,10.0,45.5,0.0,2.0,1.0,0.0,0.0,0.0,0.0,0.0,0.0,
176,Paul Robinson,GBR,GK,Burnley,eng Premier League,36.0,1979.0,3.0,3.0,270.0,3.0,7.0,2.33,19.0,12.0,63.2,0.0,0.0,3.0,0.0,0.0,0.0,0.0,0.0,0.0,
177,Joel Robles,ESP,GK,Everton,eng Premier League,26.0,1990.0,20.0,19.0,1737.0,19.3,20.0,1.04,80.0,60.0,77.5,12.0,4.0,3.0,10.0,52.6,2.0,2.0,0.0,0.0,0.0
178,Davy Roef,BEL,GK,La Coruña,es La Liga,22.0,1994.0,1.0,1.0,90.0,1.0,0.0,0.0,4.0,4.0,100.0,1.0,0.0,0.0,1.0,100.0,0.0,0.0,0.0,0.0,
179,Sergio Romero,ARG,GK,Manchester Utd,eng Premier League,29.0,1987.0,2.0,2.0,180.0,2.0,0.0,0.0,10.0,10.0,100.0,1.0,1.0,0.0,2.0,100.0,1.0,0.0,1.0,0.0,100.0
180,Rubinho,BRA,GK,Genoa,it Serie A,33.0,1982.0,2.0,2.0,180.0,2.0,8.0,4.0,16.0,8.0,56.3,0.0,0.0,2.0,0.0,0.0,1.0,1.0,0.0,0.0,0.0
182,Stéphane Ruffier,FRA,GK,Saint-Étienne,fr Ligue 1,29.0,1986.0,31.0,31.0,2790.0,31.0,37.0,1.19,134.0,97.0,73.9,9.0,12.0,10.0,11.0,35.5,4.0,2.0,2.0,0.0,50.0
183,Gerónimo Rulli,ARG,GK,Real Sociedad,es La Liga,24.0,1992.0,38.0,38.0,3420.0,38.0,53.0,1.39,156.0,108.0,68.6,19.0,7.0,12.0,10.0,26.3,7.0,4.0,1.0,2.0,20.0
184,Mathew Ryan,AUS,GK,Valencia,es La Liga,24.0,1992.0,2.0,2.0,180.0,2.0,5.0,2.5,7.0,4.0,42.9,0.0,0.0,2.0,0.0,0.0,2.0,1.0,1.0,0.0,50.0
185,Romain Salin,FRA,GK,Guingamp,fr Ligue 1,32.0,1984.0,1.0,1.0,90.0,1.0,0.0,0.0,3.0,3.0,100.0,1.0,0.0,0.0,1.0,100.0,0.0,0.0,0.0,0.0,
186,Kasper Schmeichel,DNK,GK,Leicester City,eng Premier League,29.0,1986.0,30.0,30.0,2666.0,29.6,47.0,1.59,157.0,110.0,72.0,10.0,7.0,13.0,8.0,26.7,3.0,3.0,0.0,0.0,0.0
187,Alexander Schwolow,DEU,GK,Freiburg,de Bundesliga,24.0,1992.0,34.0,34.0,3060.0,34.0,60.0,1.76,165.0,105.0,66.1,14.0,6.0,14.0,6.0,17.6,6.0,4.0,2.0,0.0,33.3
188,Simone Scuffet,ITA,GK,Udinese,it Serie A,20.0,1996.0,6.0,5.0,462.0,5.1,11.0,2.14,28.0,17.0,64.3,1.0,2.0,2.0,0.0,0.0,1.0,1.0,0.0,0.0,0.0
189,Andrea Seculin,ITA,GK,Chievo,it Serie A,26.0,1990.0,4.0,4.0,360.0,4.0,9.0,2.25,30.0,21.0,70.0,0.0,0.0,4.0,0.0,0.0,0.0,0.0,0.0,0.0,
190,Salvatore Sirigu,ITA,GK,Osasuna,es La Liga,29.0,1987.0,18.0,18.0,1620.0,18.0,51.0,2.83,97.0,49.0,49.5,3.0,3.0,12.0,1.0,5.6,4.0,2.0,1.0,1.0,33.3
191,Salvatore Sirigu,ITA,GK,Sevilla,es La Liga,29.0,1987.0,2.0,2.0,177.0,2.0,3.0,1.53,7.0,5.0,71.4,0.0,1.0,1.0,0.0,0.0,1.0,1.0,0.0,0.0,0.0
192,Łukasz Skorupski,POL,GK,Empoli,it Serie A,25.0,1991.0,35.0,35.0,3150.0,35.0,56.0,1.6,199.0,143.0,74.4,8.0,8.0,19.0,10.0,28.6,9.0,5.0,3.0,1.0,37.5
193,Yann Sommer,CHE,GK,M'Gladbach,de Bundesliga,27.0,1988.0,34.0,34.0,3060.0,34.0,49.0,1.44,146.0,97.0,69.2,12.0,9.0,13.0,10.0,29.4,5.0,4.0,0.0,1.0,0.0
194,David Soria,ESP,GK,Sevilla,es La Liga,23.0,1993.0,1.0,1.0,90.0,1.0,0.0,0.0,2.0,2.0,100.0,1.0,0.0,0.0,1.0,100.0,0.0,0.0,0.0,0.0,
195,Stefano Sorrentino,ITA,GK,Chievo,it Serie A,37.0,1979.0,34.0,34.0,3060.0,34.0,52.0,1.53,158.0,106.0,69.6,12.0,7.0,15.0,10.0,29.4,6.0,4.0,0.0,2.0,0.0
196,Marco Sportiello,ITA,GK,Fiorentina,it Serie A,24.0,1992.0,2.0,2.0,180.0,2.0,4.0,2.0,6.0,2.0,50.0,1.0,0.0,1.0,0.0,0.0,1.0,1.0,0.0,0.0,0.0
197,Marco Sportiello,ITA,GK,Atalanta,it Serie A,24.0,1992.0,8.0,8.0,720.0,8.0,14.0,1.75,33.0,19.0,60.6,3.0,2.0,3.0,2.0,25.0,1.0,1.0,0.0,0.0,0.0
198,Tom Starke,DEU,GK,Bayern Munich,de Bundesliga,35.0,1981.0,3.0,3.0,270.0,3.0,5.0,1.67,17.0,12.0,76.5,3.0,0.0,0.0,1.0,33.3,2.0,1.0,1.0,0.0,50.0
199,Maarten Stekelenburg,NLD,GK,Everton,eng Premier League,33.0,1982.0,19.0,19.0,1683.0,18.7,24.0,1.28,68.0,44.0,66.2,5.0,6.0,8.0,3.0,15.8,3.0,1.0,1.0,1.0,50.0
200,Marco Storari,ITA,GK,Cagliari,it Serie A,39.0,1977.0,15.0,15.0,1256.0,14.0,36.0,2.58,89.0,53.0,62.9,3.0,2.0,9.0,0.0,0.0,4.0,3.0,0.0,1.0,0.0
201,Thomas Strakosha,ALB,GK,Lazio,it Serie A,21.0,1995.0,21.0,20.0,1845.0,20.5,26.0,1.27,86.0,60.0,74.4,12.0,3.0,5.0,6.0,30.0,4.0,4.0,0.0,0.0,0.0
202,Danijel Subašić,HRV,GK,Monaco,fr Ligue 1,31.0,1984.0,36.0,36.0,3240.0,36.0,28.0,0.78,112.0,84.0,76.8,28.0,5.0,3.0,17.0,47.2,4.0,2.0,2.0,0.0,50.0
203,Seydou Sy,SEN,GK,Monaco,fr Ligue 1,20.0,1995.0,1.0,1.0,45.0,0.5,0.0,0.0,1.0,1.0,100.0,1.0,0.0,0.0,0.0,0.0,0.0,0.0,0.0,0.0,
204,Wojciech Szczęsny,POL,GK,Roma,it Serie A,26.0,1990.0,38.0,38.0,3420.0,38.0,38.0,1.0,154.0,116.0,76.6,28.0,3.0,7.0,14.0,36.8,4.0,2.0,2.0,0.0,50.0
205,Ciprian Tătărușanu,ROU,GK,Fiorentina,it Serie A,30.0,1986.0,35.0,35.0,3099.0,34.4,51.0,1.48,156.0,105.0,69.9,14.0,10.0,10.0,11.0,31.4,5.0,4.0,0.0,1.0,0.0
206,Marc-André ter Stegen,DEU,GK,Barcelona,es La Liga,24.0,1992.0,36.0,36.0,3240.0,36.0,33.0,0.92,154.0,121.0,78.6,27.0,6.0,3.0,13.0,36.1,0.0,0.0,0.0,0.0,
208,Alexis Thébaux,FRA,GK,Bastia,fr Ligue 1,31.0,1985.0,1.0,1.0,90.0,1.0,5.0,5.0,8.0,3.0,37.5,0.0,0.0,1.0,0.0,0.0,0.0,0.0,0.0,0.0,
209,Kevin Trapp,DEU,GK,Paris S-G,fr Ligue 1,26.0,1990.0,24.0,24.0,2123.0,23.6,13.0,0.55,55.0,42.0,78.2,18.0,4.0,2.0,15.0,62.5,2.0,1.0,1.0,0.0,50.0
210,Przemysław Tytoń,POL,GK,La Coruña,es La Liga,29.0,1987.0,13.0,12.0,1125.0,12.5,23.0,1.84,53.0,31.0,58.5,2.0,5.0,5.0,2.0,16.7,1.0,1.0,0.0,0.0,0.0
211,Sven Ulreich,DEU,GK,Bayern Munich,de Bundesliga,27.0,1988.0,5.0,5.0,450.0,5.0,4.0,0.8,16.0,12.0,81.3,3.0,1.0,1.0,2.0,40.0,1.0,1.0,0.0,0.0,0.0
212,Víctor Valdés,ESP,GK,Middlesbrough,eng Premier League,34.0,1982.0,28.0,28.0,2520.0,28.0,36.0,1.29,118.0,82.0,72.0,3.0,10.0,15.0,8.0,28.6,3.0,3.0,0.0,0.0,0.0
213,Javi Varas,ESP,GK,Las Palmas,es La Liga,33.0,1982.0,25.0,25.0,2250.0,25.0,47.0,1.88,108.0,68.0,63.0,7.0,5.0,13.0,2.0,8.0,7.0,7.0,0.0,0.0,0.0
214,Ivan Vargić,HRV,GK,Lazio,it Serie A,29.0,1987.0,1.0,1.0,90.0,1.0,3.0,3.0,6.0,3.0,50.0,0.0,0.0,1.0,0.0,0.0,0.0,0.0,0.0,0.0,
215,Rémy Vercoutre,FRA,GK,Caen,fr Ligue 1,36.0,1980.0,34.0,34.0,3043.0,33.8,55.0,1.63,144.0,89.0,66.7,9.0,6.0,19.0,8.0,23.5,7.0,7.0,0.0,0.0,0.0
216,Iván Villar,ESP,GK,Celta Vigo,es La Liga,19.0,1997.0,1.0,1.0,90.0,1.0,3.0,3.0,4.0,1.0,25.0,0.0,0.0,1.0,0.0,0.0,0.0,0.0,0.0,0.0,
217,Thomas Vincensini,FRA,GK,Bastia,fr Ligue 1,22.0,1993.0,3.0,3.0,270.0,3.0,5.0,1.67,26.0,21.0,80.8,0.0,1.0,2.0,0.0,0.0,0.0,0.0,0.0,0.0,
218,Emiliano Viviano,ITA,GK,Sampdoria,it Serie A,30.0,1985.0,17.0,17.0,1530.0,17.0,20.0,1.18,68.0,48.0,73.5,7.0,5.0,5.0,3.0,17.6,3.0,2.0,1.0,0.0,33.3
219,Michel Vorm,NLD,GK,Tottenham,eng Premier League,32.0,1983.0,5.0,4.0,416.0,4.6,2.0,0.43,9.0,7.0,88.9,2.0,3.0,0.0,2.0,50.0,1.0,1.0,0.0,0.0,0.0
220,Roman Weidenfeller,DEU,GK,Dortmund,de Bundesliga,35.0,1980.0,7.0,7.0,630.0,7.0,11.0,1.57,28.0,17.0,60.7,2.0,4.0,1.0,0.0,0.0,0.0,0.0,0.0,0.0,
221,Felix Wiedwald,DEU,GK,Werder Bremen,de Bundesliga,26.0,1990.0,25.0,24.0,2209.0,24.5,49.0,2.0,145.0,96.0,70.3,10.0,2.0,13.0,5.0,20.8,8.0,6.0,2.0,0.0,25.0
222,Yoel,ESP,GK,Eibar,es La Liga,27.0,1988.0,25.0,22.0,2116.0,23.5,32.0,1.36,102.0,73.0,70.6,8.0,6.0,8.0,7.0,31.8,3.0,2.0,1.0,0.0,33.3
223,Ron-Robert Zieler,DEU,GK,Leicester City,eng Premier League,27.0,1989.0,9.0,8.0,754.0,8.4,16.0,1.91,33.0,17.0,51.5,2.0,1.0,5.0,1.0,12.5,0.0,0.0,0.0,0.0,
