,Player,Squad,90s,Att,Pass Types - Live,Pass Types - Dead,Pass Types - FK,Pass Types - TB,Pass Types - Sw,Pass Types - Crs,Pass Types - TI,Pass Types - CK,Corner Kicks - In,Corner Kicks - Out,Corner Kicks - Str,Outcomes - Cmp,Outcomes - Off,Outcomes - Blocks
0,Keyliane Abdallah,Marseille,0.0,2,2,0,0,0,0,0,0,0,0,0,0,2,0,0
1,Yunis Abdelhamid,Saint-Étienne,1.0,33,25,8,6,0,0,0,0,0,0,0,0,25,0,0
2,Himad Abdelli,Angers,1.0,62,53,8,4,0,0,7,0,2,2,0,0,41,1,1
3,Abel,Osasuna,0.7,43,30,13,1,0,0,5,12,0,0,0,0,31,0,0
4,Nabil Aberdin,Getafe,1.0,20,19,0,0,0,0,0,0,0,0,0,0,11,1,1
5,Oliver Abildgaard,Como,0.1,1,1,0,0,0,0,0,0,0,0,0,0,1,0,0
6,Matthis Abline,Nantes,1.0,14,14,0,0,0,1,0,0,0,0,0,0,10,0,0
7,Abner,Lyon,0.9,75,60,14,0,0,1,0,14,0,0,0,0,62,1,1
8,Zakaria Aboukhlal,Toulouse,1.0,28,25,3,0,0,0,3,2,1,1,0,0,21,0,1
9,Abdel Abqar,Alavés,1.0,27,27,0,0,0,0,0,0,0,0,0,0,16,0,0
10,Tammy Abraham,Roma,0.0,3,3,0,0,0,0,0,0,0,0,0,0,1,0,0
11,Francesco Acerbi,Inter,1.0,78,75,3,2,0,0,1,1,0,0,0,0,72,0,0
12,Akor Adams,Montpellier,0.9,9,8,1,0,0,0,0,0,0,0,0,0,3,0,0
13,Che Adams,Torino,0.3,6,4,2,0,0,1,0,0,0,0,0,0,5,0,0
14,Simon Adingra,Brighton,0.5,21,20,0,0,0,0,1,0,0,0,0,0,13,1,0
15,Michel Aebischer,Bologna,0.2,16,14,2,0,0,1,1,0,2,0,1,0,12,0,0
16,Emmanuel Agbadou,Reims,1.0,53,47,6,4,0,1,0,0,0,0,0,0,43,0,0
17,Lucien Agoume,Sevilla,1.0,54,52,2,2,1,0,0,0,0,0,0,0,39,0,0
18,Alvaro Aguado,Espanyol,0.1,14,12,2,1,0,0,5,0,1,0,1,0,11,0,0
19,Ruben Aguilar,Lens,1.0,68,50,18,3,0,1,3,15,0,0,0,0,57,0,3
20,Jean-Eudes Aholou,Angers,1.0,24,23,0,0,0,0,0,0,0,0,0,0,20,1,0
21,Ayman Aiki,Saint-Étienne,0.3,6,6,0,0,0,0,0,0,0,0,0,0,3,0,0
22,Ola Aina,Nott'ham Forest,0.6,33,26,7,0,0,0,1,7,0,0,0,0,22,0,0
23,Rayan Ait-Nouri,Wolves,0.9,45,36,9,3,0,0,0,6,0,0,0,0,42,0,0
24,Kristoffer Ajer,Brentford,1.0,38,35,3,0,0,1,0,3,0,0,0,0,28,0,1
26,Ludovic Ajorque,Brest,0.7,14,14,0,0,0,0,0,0,0,0,0,0,11,0,0
27,Manuel Akanji,Manchester City,1.0,74,74,0,0,0,0,0,0,0,0,0,0,70,0,1
28,Ilias Akhomach,Villarreal,0.2,9,9,0,0,0,0,0,0,0,0,0,0,7,0,1
29,Sergio Akieme,Reims,1.0,34,29,5,1,0,0,3,4,0,0,0,0,23,0,1
30,Maghnes Akliouche,Monaco,0.2,14,13,1,0,0,0,0,0,1,0,0,0,12,0,1
31,Clement Akpa,Auxerre,0.6,33,30,3,1,0,0,2,2,0,0,0,0,24,0,1
32,Raul Albiol,Villarreal,1.0,60,58,2,2,0,0,0,0,0,0,0,0,55,0,0
33,Carlos Alcaraz,Southampton,0.1,13,11,2,0,0,0,1,1,1,0,0,0,13,0,0
34,Omar Alderete,Getafe,1.0,28,23,4,4,0,1,0,0,0,0,0,0,16,1,0
35,Carles Alena,Getafe,0.6,15,11,4,3,0,0,3,0,1,1,0,0,9,0,0
36,Trent Alexander-Arnold,Liverpool,0.8,54,44,10,3,1,0,4,4,3,2,1,0,38,0,1
37,Mohamed Ali Cho,Nice,0.7,9,9,0,0,0,0,1,0,0,0,0,0,6,0,1
38,Alisson,Liverpool,1.0,51,48,3,1,0,0,0,0,0,0,0,0,44,0,0
39,Domingos Andre Ribeiro Almeida,Valencia,0.7,17,14,2,0,0,0,0,0,0,0,0,0,14,1,0
40,Iker Almena,Girona,0.3,11,9,2,0,0,0,1,2,0,0,0,0,8,0,1
41,Pontus Almqvist,Parma,0.3,6,6,0,0,0,0,0,0,0,0,0,0,4,0,0
42,Giorgio Altare,Venezia,1.0,38,33,4,2,0,0,1,2,0,0,0,0,27,1,0
43,Sergi Altimira,Betis,0.2,20,20,0,0,0,0,0,0,0,0,0,0,18,0,0
44,Hugo Alvarez,Celta Vigo,1.0,54,42,11,3,0,0,2,8,0,0,0,0,40,1,0
45,Julian Alvarez,Atlético Madrid,0.1,2,2,0,0,0,0,0,0,0,0,0,0,2,0,0
46,Yeray Alvarez,Athletic Club,1.0,59,56,3,2,0,1,0,0,0,0,0,0,52,0,0
47,Selim Amallah,Valladolid,0.8,25,22,3,1,1,0,3,0,2,1,1,0,21,0,0
48,Amath,Valladolid,0.8,22,22,0,0,0,1,2,0,0,0,0,0,17,0,1
49,Jordan Amavi,Brest,0.9,51,45,6,1,0,0,5,5,0,0,0,0,35,0,3
50,Kelvin Amian,Nantes,1.0,50,41,9,0,0,0,3,9,0,0,0,0,46,0,1
52,Michael Amir Murillo,Marseille,1.0,46,37,9,1,0,0,0,8,0,0,0,0,37,0,2
53,Samuel Amo-Ameyaw,Southampton,0.1,5,4,1,0,0,0,1,0,1,0,0,0,5,0,0
54,Mathis Amougou,Saint-Étienne,1.0,40,38,2,2,0,0,0,0,0,0,0,0,30,0,1
55,Sofyan Amrabat,Fiorentina,1.0,65,58,7,6,0,2,3,1,0,0,0,0,52,0,0
56,Joachim Andersen,Crystal Palace,1.0,83,81,2,1,0,0,1,0,1,0,0,0,61,0,0
57,Elliot Anderson,Nott'ham Forest,0.2,13,12,1,1,0,0,1,0,0,0,0,0,6,0,0
58,Angelino,Roma,1.0,61,50,11,1,0,0,2,10,0,0,0,0,48,0,0
59,Michail Antonio,West Ham,0.8,11,10,0,0,0,0,1,0,0,0,0,0,6,1,1
60,Antoniu,Espanyol,0.2,4,4,0,0,0,0,0,0,0,0,0,0,3,0,0
61,Aritz Arambarri,Leganés,1.0,32,31,1,1,0,0,0,0,0,0,0,0,22,0,1
62,Mauro Arambarri,Getafe,0.4,9,9,0,0,0,1,0,0,0,0,0,0,4,0,0
63,Jon Aramburu,Real Sociedad,0.2,17,14,3,2,0,0,0,1,0,0,0,0,11,0,1
64,Julian Araujo,Bournemouth,0.3,23,19,4,0,0,0,0,4,0,0,0,0,17,0,1
65,Cameron Archer,Southampton,0.2,4,4,0,0,0,0,1,0,0,0,0,0,2,0,0
66,Carlens Arcus,Angers,0.8,21,15,6,0,0,0,1,6,0,0,0,0,17,0,1
67,Alphonse Areola,West Ham,1.0,34,25,9,2,0,0,0,0,0,0,0,0,30,0,0
68,Jesus Areso,Osasuna,1.0,48,36,12,0,0,0,6,12,0,0,0,0,34,0,4
69,Joe Aribo,Southampton,0.8,40,39,0,0,0,0,2,0,0,0,0,0,33,1,2
70,Adam Armstrong,Southampton,1.0,25,23,2,0,0,1,1,1,0,0,0,0,20,0,3
71,Hakon Arnar Haraldsson,Lille,0.5,70,69,1,0,0,0,1,0,1,1,0,0,62,0,0
72,Takuma Asano,Mallorca,0.8,12,12,0,0,0,1,2,0,0,0,0,0,7,0,0
73,Marco Asensio,Paris S-G,0.8,50,47,3,0,0,0,3,2,1,0,0,0,41,0,2
74,Kristjan Asllani,Inter,0.1,2,0,2,0,0,0,1,0,1,0,1,0,1,0,0
75,Iago Aspas,Celta Vigo,1.0,33,31,0,0,0,1,0,0,0,0,0,0,24,2,0
76,Lorenz Assignon,Rennes,0.8,29,24,5,1,0,0,0,4,0,0,0,0,20,0,0
78,Valentin Atangana Edoa,Reims,0.8,21,21,0,0,0,0,1,0,0,0,0,0,17,0,1
79,Tommaso Augello,Cagliari,1.0,44,30,14,2,0,0,4,10,2,0,2,0,27,0,0
80,Carlos Augusto,Inter,0.2,7,3,4,0,0,0,0,4,0,0,0,0,5,0,1
81,Yann Aurel Bisseck,Inter,1.0,60,59,1,1,0,0,0,0,0,0,0,0,56,0,1
82,Ezequiel Avila,Betis,0.2,5,4,1,0,0,0,0,0,0,0,0,0,5,0,0
83,Taiwo Awoniyi,Nott'ham Forest,0.2,5,5,0,0,0,0,0,0,0,0,0,0,4,0,0
84,Yasin Ayari,Brighton,0.0,2,2,0,0,0,0,0,0,0,0,0,0,1,0,1
85,Florian Aye,Auxerre,0.2,7,7,0,0,0,0,0,0,0,0,0,0,5,0,0
86,Jordan Ayew,Crystal Palace,0.2,10,8,2,0,0,1,1,0,1,1,0,0,8,0,0
87,Cesar Azpilicueta,Atlético Madrid,1.0,97,92,5,1,0,2,1,4,0,0,0,0,88,0,0
88,Paulo Azzi,Cagliari,1.0,33,32,1,0,0,0,3,1,0,0,0,0,25,0,0
89,Milan Badelj,Genoa,0.9,28,28,0,0,1,0,0,0,0,0,0,0,23,0,0
90,Alex Baena,Villarreal,0.8,31,29,2,0,0,0,4,0,2,2,0,0,25,0,0
91,Leon Bailey,Aston Villa,0.8,28,26,2,0,1,0,4,0,2,2,0,0,15,0,2
92,Eric Bailly,Villarreal,1.0,55,49,6,2,0,0,0,1,0,0,0,0,50,0,0
93,Theo Bair,Auxerre,0.8,12,10,2,0,0,0,0,0,0,0,0,0,9,0,0
94,Mitchel Bakker,Atalanta,0.2,9,8,1,0,0,0,1,0,1,0,1,0,7,0,0
95,Dilane Bakwa,Strasbourg,1.0,35,22,13,5,0,0,5,5,3,2,1,0,26,0,0
96,Tommaso Baldanzi,Roma,0.3,12,12,0,0,0,0,0,0,0,0,0,0,10,0,0
97,Alejandro Balde,Barcelona,0.7,47,40,7,1,0,0,4,6,0,0,0,0,42,0,0
98,Leonardo Balerdi,Marseille,1.0,63,61,2,1,0,1,0,0,0,0,0,0,59,0,0
99,Ivan Balliu,Rayo Vallecano,0.1,4,4,0,0,0,0,0,0,0,0,0,0,2,0,1
100,Botond Balogh,Parma,1.0,13,12,1,1,0,0,0,0,0,0,0,0,11,0,0
101,Folarin Balogun,Monaco,0.8,16,15,1,0,0,0,0,1,0,0,0,0,13,0,0
102,Abdoulaye Bamba,Angers,1.0,19,16,3,1,1,0,1,2,0,0,0,0,13,0,0
104,Jonathan Bamba,Celta Vigo,0.5,21,19,1,1,1,0,1,0,0,0,0,0,17,1,0
105,Lameck Banda,Lecce,0.5,18,18,0,0,0,0,0,0,0,0,0,0,17,0,0
106,Mattia Bani,Genoa,1.0,17,14,3,3,0,0,0,0,0,0,0,0,13,0,0
107,Federico Barba,Como,1.0,71,62,9,4,0,0,0,0,0,0,0,0,68,0,0
108,Bradley Barcola,Paris S-G,0.2,10,10,0,0,0,0,0,0,0,0,0,0,8,0,0
109,Nicolo Barella,Inter,1.0,65,62,1,1,1,2,2,0,0,0,0,0,55,2,1
110,Harvey Barnes,Newcastle Utd,0.2,2,2,0,0,0,0,0,0,0,0,0,0,1,0,0
111,Ander Barrenetxea,Real Sociedad,0.3,15,15,0,0,0,0,1,0,0,0,0,0,11,0,0
112,Pablo Barrios,Atlético Madrid,1.0,60,58,2,2,0,0,2,0,0,0,0,0,50,0,3
113,Marc Bartra,Betis,1.0,45,43,1,1,1,0,0,0,0,0,0,0,38,1,0
114,Federico Baschirotto,Lecce,1.0,46,40,6,4,0,0,0,0,0,0,0,0,39,0,0
115,Daniele Baselli,Como,0.2,22,21,1,1,0,0,0,0,0,0,0,0,20,0,0
116,Calvin Bassey,Fulham,1.0,62,58,4,0,0,0,0,0,0,0,0,0,57,0,1
117,Aboubacar Bassinga,Las Palmas,0.0,4,4,0,0,1,0,0,0,0,0,0,0,2,0,0
118,Alessandro Bastoni,Inter,1.0,79,72,6,2,0,1,3,3,0,0,0,0,67,1,0
119,Dylan Batubinsika,Saint-Étienne,1.0,19,18,1,1,0,0,0,0,0,0,0,0,17,0,0
120,Sheraldo Becker,Real Sociedad,1.0,31,31,0,0,0,1,12,0,0,0,0,0,15,0,2
121,Jan Bednarek,Southampton,0.9,82,81,1,0,0,0,0,0,0,0,0,0,77,0,0
122,Reda Belahyane,Hellas Verona,0.8,25,25,0,0,0,1,0,0,0,0,0,0,22,0,0
123,Yassin Belkhdim,Angers,0.8,19,19,0,0,0,0,1,0,0,0,0,0,16,0,0
124,Raoul Bellanova,Torino,1.0,43,35,7,0,0,0,5,7,0,0,0,0,31,1,0
125,Jean-Ricner Bellegarde,Wolves,0.6,17,15,2,0,0,0,1,0,0,0,0,0,14,0,1
126,Jude Bellingham,Real Madrid,1.0,73,72,1,0,1,1,0,1,0,0,0,0,63,0,1
127,Andrea Belotti,Como,0.6,5,5,0,0,0,0,1,0,0,0,0,0,2,0,0
128,Fran Beltran,Celta Vigo,0.7,41,39,2,2,0,0,0,0,0,0,0,0,37,0,0
130,Eliesse Ben Seghir,Monaco,0.9,31,30,1,1,0,0,0,0,0,0,0,0,26,0,0
131,Carlos Benavidez,Alavés,0.1,5,5,0,0,1,0,0,0,0,0,0,0,3,0,0
132,Ismael Bennacer,Milan,0.6,47,43,4,2,0,2,4,0,2,2,0,0,43,0,0
133,Said Benrahma,Lyon,1.0,58,53,5,0,0,0,11,0,5,1,3,0,42,0,3
134,Rodrigo Bentancur,Tottenham,0.9,47,44,3,3,0,0,0,0,0,0,0,0,46,0,0
135,Lucas Beraldo,Paris S-G,1.0,129,127,2,1,0,0,0,1,0,0,0,0,124,0,0
136,Yuri Berchiche,Athletic Club,1.0,65,44,20,3,0,2,1,17,0,0,0,0,57,1,0
137,Alex Berenguer,Athletic Club,0.8,23,20,3,2,0,0,6,0,1,1,0,0,12,0,0
138,Lucas Bergvall,Tottenham,0.1,29,26,3,1,0,0,2,1,1,1,0,0,27,0,0
139,Medon Berisha,Lecce,0.1,11,9,2,2,0,0,0,0,0,0,0,0,7,0,0
140,Adrian Bernabe,Parma,0.9,24,19,5,3,0,0,0,0,0,0,0,0,20,0,0
141,Marc Bernal,Barcelona,0.8,52,51,1,1,0,1,0,0,0,0,0,0,49,0,1
142,Victor Bernth Kristiansen,Leicester City,1.0,36,24,12,1,0,1,2,11,0,0,0,0,28,0,0
143,Beto,Everton,0.2,4,3,1,0,0,0,0,0,0,0,0,0,1,0,0
144,Sam Beukema,Bologna,1.0,83,80,3,3,0,0,0,0,0,0,0,0,82,0,0
145,Alessandro Bianco,Fiorentina,0.2,12,11,0,0,0,1,0,0,0,0,0,0,9,1,0
146,Jaka Bijol,Udinese,1.0,16,13,3,1,0,0,0,0,0,0,0,0,13,0,1
147,Philip Billing,Bournemouth,0.1,2,1,1,0,0,0,1,1,0,0,0,0,1,0,0
148,Cristiano Biraghi,Fiorentina,1.0,57,40,17,4,0,0,12,4,9,3,4,0,40,0,3
149,Samuele Birindelli,Monza,1.0,38,27,11,2,0,0,4,9,0,0,0,0,28,0,1
150,Marco Bizot,Brest,1.0,33,30,3,0,0,0,0,0,0,0,0,0,30,0,0
151,Antonio Blanco,Alavés,1.0,35,34,1,1,1,1,0,0,0,0,0,0,31,0,0
152,Ludovic Blas,Rennes,1.0,27,25,2,2,0,1,2,0,0,0,0,0,20,0,1
153,Daley Blind,Girona,1.0,80,79,1,1,0,3,0,0,0,0,0,0,71,0,0
154,Augustine Boakye,Saint-Étienne,0.3,3,3,0,0,0,0,0,0,0,0,0,0,3,0,0
156,Willy Boly,Nott'ham Forest,1.0,53,53,0,0,0,0,0,0,0,0,0,0,42,0,0
157,Warren Bondo,Monza,1.0,30,29,1,1,0,0,0,0,0,0,0,0,24,0,0
158,Ange-Yoan Bonny,Parma,0.7,13,13,0,0,0,0,0,0,0,0,0,0,9,0,0
159,Ayyoub Bouaddi,Lille,0.2,19,19,0,0,0,0,0,0,0,0,0,0,19,0,0
160,Badredine Bouanani,Nice,0.3,12,8,3,1,0,0,3,0,2,1,0,0,6,1,1
161,Hicham Boudaoui,Nice,1.0,58,55,2,2,0,0,0,0,0,0,0,0,50,1,3
162,Benjamin Bourigeaud,Rennes,0.9,48,40,8,2,0,1,6,0,6,4,1,0,36,0,1
163,Jarrod Bowen,West Ham,0.8,15,12,3,0,0,0,4,0,3,2,1,0,10,0,0
164,Enzo Boyomo,Valladolid,1.0,56,55,1,1,0,0,0,0,0,0,0,0,53,0,0
165,Conor Bradley,Liverpool,0.2,25,20,5,2,0,0,0,3,0,0,0,0,22,0,0
166,Bilal Brahimi,Nice,0.7,33,29,4,0,0,0,2,3,1,1,0,0,30,0,0
167,Darko Brasanac,Leganés,1.0,31,29,2,0,0,0,2,0,0,0,0,0,17,0,1
168,Matthias Braunoder,Como,1.0,32,31,1,1,0,0,0,0,0,0,0,0,31,0,0
169,Gleison Bremer,Juventus,1.0,90,89,1,1,0,0,0,0,0,0,0,0,85,0,0
170,Brenner,Udinese,0.9,11,10,1,0,0,0,2,0,1,1,0,0,6,0,1
171,Ben Brereton,Southampton,0.8,26,26,0,0,0,0,1,0,0,0,0,0,20,0,1
172,Marco Brescianini,Atalanta,1.0,24,23,0,0,1,0,1,0,0,0,0,0,17,1,2
173,Ante Budimir,Osasuna,1.0,25,24,1,0,0,0,0,0,0,0,0,0,15,0,0
174,Facundo Buonanotte,Leicester City,0.9,25,21,4,3,1,0,3,1,0,0,0,0,20,0,0
175,Dan Burn,Newcastle Utd,1.0,18,17,1,1,0,1,0,0,0,0,0,0,13,0,0
176,Wes Burns,Ipswich Town,0.6,15,14,1,0,0,0,1,1,0,0,0,0,9,0,1
177,Marcin Bulka,Nice,1.0,26,15,11,2,0,0,0,0,0,0,0,0,25,0,0
178,Remy Cabella,Lille,1.0,72,64,8,2,0,0,4,0,6,2,1,0,60,0,0
179,Leandro Cabrera,Espanyol,1.0,89,84,5,4,0,0,2,0,0,0,0,0,66,0,1
180,Liberato Cacace,Empoli,0.0,0,0,0,0,0,0,0,0,0,0,0,0,0,0,0
182,Mathieu Cafaro,Saint-Étienne,0.7,24,20,4,2,0,1,5,1,1,1,0,0,14,0,0
183,Moises Caicedo,Chelsea,1.0,53,52,0,0,2,0,1,0,0,0,0,0,47,1,0
184,Tom Cairney,Fulham,0.3,17,17,0,0,0,0,1,0,0,0,0,0,15,0,1
185,Davide Calabria,Milan,0.9,51,49,2,1,0,0,5,1,0,0,0,0,44,0,0
186,Luca Caldirola,Monza,1.0,65,60,5,5,0,0,0,0,0,0,0,0,55,0,1
187,Duje Caleta-Car,Lyon,1.0,38,34,4,4,0,0,0,0,0,0,0,0,34,0,0
188,Hakan Calhanoglu,Inter,0.8,74,69,5,4,0,0,3,1,0,0,0,0,67,0,1
189,Dominic Calvert-Lewin,Everton,0.8,14,14,0,0,0,1,0,0,0,0,0,0,12,0,0
190,Drissa Camara,Parma,0.3,10,9,0,0,0,0,0,0,0,0,0,0,7,1,0
191,Issiaga Camara,Nice,0.0,4,4,0,0,0,0,0,0,0,0,0,0,4,0,0
192,Lamine Camara,Monaco,1.0,70,62,8,3,0,0,5,1,4,2,1,0,61,0,1
193,Mahdi Camara,Brest,1.0,60,53,7,1,0,0,1,0,0,0,0,0,55,0,1
194,Nicolo Cambiaghi,Bologna,0.2,17,17,0,0,0,0,2,0,0,0,0,0,12,0,1
195,Andrea Cambiaso,Juventus,1.0,49,41,8,2,0,1,4,5,1,0,0,0,44,0,0
196,Axel Camblan,Brest,0.2,5,5,0,0,0,0,1,0,0,0,0,0,3,0,1
197,Sergio Camello,Rayo Vallecano,0.3,3,2,1,0,0,0,0,0,0,0,0,0,2,0,0
198,Matteo Cancellieri,Parma,0.2,5,4,1,0,0,0,2,1,0,0,0,0,3,0,0
199,Pierrick Capelle,Angers,0.9,33,27,6,2,0,1,5,0,4,4,0,0,23,0,0
200,Gianluca Caprari,Monza,0.2,12,11,1,0,0,0,3,0,1,0,1,0,9,0,0
201,Francesco Caputo,Empoli,0.1,2,2,0,0,0,0,0,0,0,0,0,0,2,0,0
202,Maxence Caqueret,Lyon,0.9,45,42,3,3,0,0,2,0,0,0,0,0,34,0,2
203,Cardenas,Rayo Vallecano,1.0,15,5,10,2,0,0,0,0,0,0,0,0,5,0,0
204,Irvin Cardona,Espanyol,0.4,8,8,0,0,0,0,0,0,0,0,0,0,6,0,0
205,Marc Cardona,Las Palmas,0.0,3,3,0,0,0,0,0,0,0,0,0,0,1,0,1
206,Sergi Cardona,Villarreal,1.0,57,51,5,1,0,0,4,4,0,0,0,0,45,1,2
208,Johnny Cardoso,Betis,0.2,10,9,1,1,0,0,0,0,0,0,0,0,10,0,0
209,Carmona,Sevilla,1.0,66,51,15,1,0,0,0,14,0,0,0,0,56,0,1
210,Dani Carvajal,Real Madrid,1.0,59,53,6,0,0,0,2,6,0,0,0,0,50,0,1
211,Fabio Carvalho,Brentford,0.1,5,5,0,0,0,0,0,0,0,0,0,0,2,0,2
212,William Carvalho,Betis,0.8,35,33,2,2,0,1,1,0,0,0,0,0,31,0,0
213,Marc Casado,Barcelona,1.0,62,61,1,1,0,0,0,0,0,0,0,0,52,0,1
214,Nicolo Casale,Lazio,1.0,72,72,0,0,0,0,0,0,0,0,0,0,66,0,0
215,Casemiro,Manchester Utd,1.0,57,55,1,1,1,0,3,0,0,0,0,0,44,1,2
216,Matty Cash,Aston Villa,0.9,43,31,12,4,0,0,1,8,0,0,0,0,33,0,0
217,Josue Casimir,Le Havre,1.0,19,17,2,0,0,0,0,0,0,0,0,0,13,0,1
218,Federico Cassa,Atalanta,0.1,1,1,0,0,0,0,0,0,0,0,0,0,0,0,0
219,Cristian Casseres Jr.,Toulouse,1.0,62,59,3,1,0,0,2,1,0,0,0,0,54,0,0
220,Valentin Castellanos,Lazio,1.0,20,18,2,0,2,0,0,0,0,0,0,0,16,0,0
221,Jean-Charles Castelletto,Nantes,1.0,58,58,0,0,0,0,1,0,0,0,0,0,53,0,0
222,Santiago Castro,Bologna,0.9,16,14,2,0,0,0,0,0,0,0,0,0,11,0,0
223,Gaetano Castrovilli,Lazio,0.0,1,1,0,0,0,0,0,0,0,0,0,0,1,0,0
224,Catena,Osasuna,1.0,51,48,3,3,0,2,0,0,0,0,0,0,37,0,0
225,Zeki Celik,Roma,1.0,58,47,11,1,0,0,3,10,0,0,0,0,45,0,0
226,Alberto Cerri,Como,0.3,7,7,0,0,0,0,0,0,0,0,0,0,6,0,0
227,Conor Chaplin,Ipswich Town,0.7,23,20,3,1,0,0,0,0,0,0,0,0,16,0,1
228,Brendan Chardonnet,Brest,1.0,55,54,1,1,0,0,0,0,0,0,0,0,50,0,0
229,Pep Chavarria,Rayo Vallecano,0.2,3,3,0,0,0,0,0,0,0,0,0,0,2,0,0
230,Jhoanner Chavez,Lens,0.7,29,24,5,0,0,0,1,5,0,0,0,0,23,0,0
231,Walid Cheddira,Napoli,0.1,3,3,0,0,0,0,0,0,0,0,0,0,2,0,0
232,Sidiki Cherif,Angers,0.8,11,11,0,0,1,0,1,0,0,0,0,0,5,0,1
234,Lucas Chevalier,Lille,1.0,26,23,3,0,0,0,0,0,0,0,0,0,25,0,0
235,Julian Chicco,Leganés,0.2,6,6,0,0,0,0,0,0,0,0,0,0,4,0,0
236,Chiquinho,Wolves,0.1,3,3,0,0,0,0,1,0,0,0,0,0,3,0,0
237,Pedro Chirivella,Nantes,1.0,68,63,5,4,0,0,1,0,0,0,0,0,55,0,0
238,Joris Chotard,Montpellier,1.0,31,29,2,2,1,0,0,0,0,0,0,0,26,0,0
239,Andreas Christensen,Barcelona,0.3,16,15,1,1,0,0,0,0,0,0,0,0,14,0,0
240,Ryan Christie,Bournemouth,0.3,26,24,2,2,0,0,2,0,0,0,0,0,18,0,0
241,Samuel Chukwueze,Milan,0.7,17,17,0,0,0,0,4,0,0,0,0,0,9,0,0
242,Jasper Cillessen,Las Palmas,1.0,41,36,5,4,0,0,0,0,0,0,0,0,31,0,0
243,Alessandro Circati,Parma,1.0,31,26,5,3,0,0,0,0,0,0,0,0,27,0,0
244,Pathe Ciss,Rayo Vallecano,0.2,5,5,0,0,0,0,0,0,0,0,0,0,2,0,1
245,Seydouba Cisse,Leganés,0.8,32,32,0,0,0,0,0,0,0,0,0,0,27,0,0
246,Jonathan Clauss,Nice,1.0,40,32,7,1,0,0,5,4,2,2,0,0,26,1,1
247,Marcus Coco,Nantes,0.8,40,34,6,2,0,0,3,4,0,0,0,0,30,0,0
248,Saul Coco,Torino,1.0,53,52,1,1,0,0,0,0,0,0,0,0,50,0,0
249,Nathan Collins,Brentford,1.0,52,50,2,2,0,0,0,0,0,0,0,0,46,0,0
250,Lorenzo Colombo,Empoli,0.9,10,10,0,0,0,0,1,0,0,0,0,0,7,0,1
251,Andrea Colpani,Fiorentina,0.7,20,20,0,0,0,0,0,0,0,0,0,0,15,0,0
252,Levi Colwill,Chelsea,1.0,48,46,2,2,0,0,0,0,0,0,0,0,47,0,0
253,Eray Comert,Valladolid,0.9,29,26,3,2,0,0,0,0,0,0,0,0,21,0,1
254,Santi Comesana,Villarreal,1.0,39,38,1,1,0,1,1,0,0,0,0,0,37,0,1
255,Pietro Comuzzo,Fiorentina,0.8,38,37,1,1,0,1,0,0,0,0,0,0,36,0,0
256,Diego Conde,Villarreal,1.0,24,23,1,0,0,0,0,0,0,0,0,0,18,0,0
257,Tomas Conechny,Alavés,0.7,17,16,1,0,0,0,4,0,1,0,1,0,10,0,1
258,Lewis Cook,Bournemouth,0.9,40,34,6,2,0,0,5,0,4,3,0,0,29,0,1
260,Copete,Mallorca,0.0,0,0,0,0,0,0,0,0,0,0,0,0,0,0,0
261,Diego Coppola,Hellas Verona,1.0,25,22,2,2,0,0,0,0,0,0,0,0,19,1,0
262,Derek Cornelius,Marseille,1.0,62,59,3,3,0,0,0,0,0,0,0,0,51,0,2
263,Angel Correa,Atlético Madrid,0.5,11,10,1,0,0,0,0,0,0,0,0,0,9,0,0
264,Thierry Correia,Valencia,1.0,48,31,16,2,0,0,2,14,0,0,0,0,38,1,1
265,David Pereira da Costa,Lens,0.3,13,12,1,0,0,0,2,0,1,1,0,0,12,0,0
266,Logan Costa,Toulouse,1.0,56,55,1,0,0,0,1,1,0,0,0,0,47,0,0
267,Samu Costa,Mallorca,1.0,41,41,0,0,0,0,2,0,0,0,0,0,37,0,1
268,Vladimir Coufal,West Ham,0.9,31,24,7,0,0,0,3,7,0,0,0,0,25,0,0
269,Lassana Coulibaly,Lecce,0.5,23,22,1,1,1,0,0,0,0,0,0,0,20,0,0
270,Lasso Coulibaly,Auxerre,0.1,0,0,0,0,0,0,0,0,0,0,0,0,0,0,0
271,Tanguy Coulibaly,Montpellier,0.0,4,4,0,0,0,0,0,0,0,0,0,0,3,0,0
272,Woyo Coulibaly,Parma,1.0,31,25,6,1,1,0,1,5,0,0,0,0,24,0,0
273,Thibaut Courtois,Real Madrid,1.0,26,22,4,0,0,0,0,0,0,0,0,0,24,0,0
274,Charlie Cresswell,Toulouse,1.0,70,64,6,2,0,0,0,2,0,0,0,0,56,0,1
275,Bryan Cristante,Roma,1.0,59,54,4,4,0,0,0,0,0,0,0,0,51,1,0
276,Domen Crnigoj,Venezia,0.2,9,9,0,0,0,0,2,0,0,0,0,0,5,0,3
277,Juan Cruz Armada,Osasuna,0.3,26,19,7,0,0,0,1,7,0,0,0,0,22,0,0
278,Juan Cruz,Leganés,0.7,23,15,8,4,0,0,7,0,4,1,3,0,12,0,0
279,Pau Cubarsi,Barcelona,0.7,51,49,2,2,0,0,0,0,0,0,0,0,44,0,0
280,Marc Cucurella,Chelsea,0.9,68,59,9,2,0,0,3,7,0,0,0,0,58,0,1
281,Matheus Cunha,Wolves,0.4,9,8,1,1,0,0,1,0,0,0,0,0,9,0,0
282,Patrick Cutrone,Como,0.7,10,7,3,0,0,0,1,0,0,0,0,0,7,0,0
283,Wylan Cyprien,Parma,0.1,11,11,0,0,1,0,0,0,0,0,0,0,8,0,1
284,Lucas Da Cunha,Como,0.6,16,14,2,2,0,1,1,0,0,0,0,0,10,0,3
286,Thijs Dallinga,Bologna,0.1,0,0,0,0,0,0,0,0,0,0,0,0,0,0,0
287,Diogo Dalot,Manchester Utd,1.0,60,53,7,2,0,0,3,5,0,0,0,0,49,0,1
288,Mikkel Damsgaard,Brentford,0.2,9,8,1,1,0,0,2,0,0,0,0,0,7,0,0
289,Danilo,Nott'ham Forest,0.2,3,3,0,0,0,0,0,0,0,0,0,0,3,0,0
290,Arnaut Danjuma,Villarreal,0.9,13,13,0,0,0,1,0,0,0,0,0,0,7,0,0
291,Kevin Danso,Lens,1.0,59,55,4,4,0,0,0,0,0,0,0,0,47,0,1
292,Dante,Nice,1.0,102,100,2,2,0,0,1,0,0,0,0,0,90,0,0
293,Pape Daouda Diongue,Strasbourg,0.5,24,24,0,0,0,0,0,0,0,0,0,0,19,0,0
294,Sergi Darder,Mallorca,0.8,29,24,5,0,0,2,3,1,2,0,2,0,22,0,0
295,Matteo Darmian,Inter,0.7,34,25,8,1,0,0,1,7,0,0,0,0,27,1,0
296,Juan David Cabal,Juventus,1.0,55,49,5,0,0,0,3,5,0,0,0,0,45,1,1
297,Jonathan David,Lille,0.5,9,8,1,0,0,0,0,0,0,0,0,0,8,0,0
298,Keinan Davis,Udinese,0.1,1,1,0,0,0,0,0,0,0,0,0,0,0,0,0
299,Leif Davis,Ipswich Town,1.0,41,27,13,5,0,0,5,6,2,0,1,0,29,1,1
300,Zuriko Davitashvili,Saint-Étienne,1.0,17,12,4,0,0,0,3,1,3,0,3,0,8,1,0
301,Pawel Dawidowicz,Hellas Verona,1.0,27,25,2,2,0,0,0,0,0,0,0,0,22,0,0
302,Craig Dawson,Wolves,0.1,3,3,0,0,0,0,0,0,0,0,0,0,3,0,0
303,Kevin De Bruyne,Manchester City,1.0,58,48,10,3,0,1,4,3,3,2,0,0,46,0,1
304,Charles De Ketelaere,Atalanta,0.8,22,21,1,0,0,0,0,0,0,0,0,0,19,0,0
305,Rodrigo De Paul,Atlético Madrid,0.3,30,29,1,0,0,0,0,1,0,0,0,0,26,0,0
306,Koni De Winter,Genoa,1.0,31,28,3,2,0,0,0,0,0,0,0,0,25,0,0
307,Alessandro Deiola,Cagliari,1.0,15,13,1,0,1,0,0,1,0,0,0,0,8,1,0
308,Romain Del Castillo,Brest,1.0,61,51,10,2,0,1,9,3,5,2,3,0,41,0,3
309,Liam Delap,Ipswich Town,0.8,12,12,0,0,0,1,0,0,0,0,0,0,6,0,1
310,Fisayo Dele-Bashiru,Lazio,1.0,46,46,0,0,0,0,1,0,0,0,0,0,43,0,0
312,Ali Dembele,Torino,0.0,0,0,0,0,0,0,0,0,0,0,0,0,0,0,0
313,Ousmane Dembele,Paris S-G,0.2,19,16,3,0,0,0,4,0,3,0,1,0,11,0,3
314,Arthur Desmas,Le Havre,1.0,26,19,7,1,0,0,0,0,0,0,0,0,18,0,0
315,Kiernan Dewsbury-Hall,Chelsea,0.3,17,17,0,0,0,0,0,0,0,0,0,0,13,0,0
316,Michele Di Gregorio,Juventus,1.0,28,21,7,0,0,0,0,0,0,0,0,0,26,0,0
317,Giovanni Di Lorenzo,Napoli,1.0,67,63,4,1,0,0,3,3,0,0,0,0,54,0,1
318,Mamadou Diakhon,Reims,0.2,5,5,0,0,0,0,0,0,0,0,0,0,5,0,0
319,Bafode Diakite,Lille,1.0,89,88,1,1,0,0,0,0,0,0,0,0,87,0,1
320,Oumar Diakite,Reims,0.7,16,14,2,0,0,0,0,0,0,0,0,0,13,0,2
321,Amad Diallo,Manchester Utd,0.7,33,28,4,0,0,0,2,1,3,2,0,0,28,1,1
322,Habib Diarra,Strasbourg,0.9,26,26,0,0,0,0,1,0,0,0,0,0,20,0,0
323,Moussa Diarra,Alavés,1.0,35,24,11,0,0,0,0,11,0,0,0,0,26,0,0
324,Ruben Dias,Manchester City,1.0,71,66,5,2,0,0,0,0,0,0,0,0,69,0,1
325,Kandet Diawara,Le Havre,0.0,2,2,0,0,0,0,0,0,0,0,0,0,1,0,0
326,Mahamadou Diawara,Lyon,0.1,4,4,0,0,0,0,0,0,0,0,0,0,4,0,0
327,Brahim Diaz,Real Madrid,0.0,5,5,0,0,0,0,0,0,0,0,0,0,5,0,0
328,Luis Diaz,Liverpool,1.0,36,34,2,0,0,0,0,2,0,0,0,0,31,0,0
329,Tyler Dibling,Southampton,0.2,15,13,2,1,0,0,1,1,0,0,0,0,14,0,0
330,Diego,Leganés,0.0,0,0,0,0,0,0,0,0,0,0,0,0,0,0,0
331,Lucas Digne,Aston Villa,0.8,45,34,11,4,1,1,5,7,0,0,0,0,32,0,3
332,Federico Dimarco,Inter,0.8,31,23,8,3,0,0,6,2,3,0,3,0,25,0,0
333,Lois Diony,Angers,0.2,4,4,0,0,0,0,0,0,0,0,0,0,1,0,0
334,Issa Diop,Fulham,1.0,35,31,4,4,0,0,0,0,0,0,0,0,28,0,1
335,Andy Diouf,Lens,0.2,13,13,0,0,0,0,0,0,0,0,0,0,11,0,1
336,Yehvann Diouf,Reims,1.0,37,26,11,4,0,0,0,0,0,0,0,0,23,0,0
338,Djene,Getafe,1.0,17,16,0,0,0,0,0,0,0,0,0,0,13,1,0
339,Berat Djimsiti,Atalanta,1.0,58,58,0,0,0,0,0,0,0,0,0,0,50,0,0
340,Dodo,Fiorentina,1.0,53,43,10,1,0,0,4,9,0,0,0,0,41,0,1
341,Matt Doherty,Wolves,1.0,38,31,7,2,0,0,0,5,0,0,0,0,29,0,0
342,Jeremy Doku,Manchester City,1.0,36,36,0,0,1,0,4,0,0,0,0,0,28,0,0
343,Carlos Dominguez,Celta Vigo,1.0,92,83,9,9,0,0,0,0,0,0,0,0,79,0,0
344,Nicolas Dominguez,Nott'ham Forest,0.4,29,29,0,0,0,0,0,0,0,0,0,0,24,0,0
345,Gianluigi Donnarumma,Paris S-G,1.0,28,23,5,1,0,0,0,0,0,0,0,0,22,0,0
346,Patrick Dorgu,Lecce,1.0,29,26,3,2,0,0,0,1,0,0,0,0,21,0,1
347,Abdoulaye Doucoure,Everton,0.7,19,17,2,0,0,0,2,0,0,0,0,0,12,0,0
348,Cheick Doucoure,Crystal Palace,0.1,10,10,0,0,0,0,0,0,0,0,0,0,8,0,1
349,Guela Doue,Strasbourg,1.0,79,70,9,3,0,0,0,3,0,0,0,0,63,0,0
350,Douglas,Nantes,1.0,46,45,1,1,0,0,1,0,0,0,0,0,43,0,1
351,Ismael Doukoure,Strasbourg,0.9,45,43,2,1,0,0,0,1,0,0,0,0,40,0,2
352,Anastasios Douvikas,Celta Vigo,0.9,10,8,2,0,0,0,1,0,0,0,0,0,7,0,1
353,Artem Dovbyk,Roma,1.0,17,16,0,0,0,0,0,0,0,0,0,0,13,1,0
354,Flynn Downes,Southampton,1.0,90,86,4,4,0,0,1,0,0,0,0,0,83,0,1
355,Ondrej Duda,Hellas Verona,1.0,39,35,4,3,1,1,2,0,1,0,1,0,29,0,1
356,Denzel Dumfries,Inter,0.3,12,9,3,0,0,0,2,3,0,0,0,0,8,0,0
357,Alfred Duncan,Venezia,1.0,27,25,2,0,0,0,1,0,1,0,1,0,21,0,1
358,Lewis Dunk,Brighton,0.8,70,56,14,4,0,1,0,0,0,0,0,0,60,0,0
359,Jhon Duran,Aston Villa,0.3,12,12,0,0,0,0,0,0,0,0,0,0,9,0,0
360,Hugo Duro,Valencia,1.0,8,8,0,0,0,0,1,0,0,0,0,0,4,0,0
361,Jean-Kevin Duverne,Nantes,0.2,9,7,2,0,0,0,0,2,0,0,0,0,8,0,0
362,Paulo Dybala,Roma,0.2,13,12,1,0,0,1,2,0,1,1,0,0,9,0,1
364,Aron Donnum,Toulouse,0.7,30,24,6,2,0,1,2,4,0,0,0,0,28,0,0
365,Ederson,Manchester City,1.0,39,34,5,3,0,0,0,0,0,0,0,0,33,0,0
366,Ederson,Atalanta,1.0,51,49,2,2,0,3,2,0,0,0,0,0,44,0,0
367,Odsonne Edouard,Crystal Palace,0.5,12,12,0,0,0,0,0,0,0,0,0,0,7,0,2
368,Samuel Edozie,Southampton,0.5,23,23,0,0,0,0,1,0,0,0,0,0,20,0,2
369,Kingsley Ehizibue,Udinese,1.0,23,15,8,0,0,0,1,8,0,0,0,0,17,0,1
370,Jeff Ekhator,Genoa,0.1,2,2,0,0,0,0,0,0,0,0,0,0,1,0,0
371,Jurgen Ekkelenkamp,Udinese,0.2,5,5,0,0,0,0,0,0,0,0,0,0,3,0,0
372,Jacques Ekomie,Angers,0.8,42,23,19,0,0,0,3,19,0,0,0,0,32,0,3
373,Emmanuel Ekong,Empoli,0.1,2,2,0,0,0,0,0,0,0,0,0,0,1,0,0
374,Anthony Elanga,Nott'ham Forest,0.6,31,29,2,2,0,0,1,0,0,0,0,0,26,0,1
375,Mikael Ellertsson,Venezia,0.8,13,13,0,0,0,0,0,0,0,0,0,0,11,0,0
376,Aritz Elustondo,Real Sociedad,1.0,77,72,5,5,0,0,0,0,0,0,0,0,70,0,0
377,Adri Embarba,Rayo Vallecano,0.8,29,24,4,1,0,0,5,1,2,2,0,0,16,1,2
378,Breel Embolo,Monaco,1.0,26,23,2,1,2,0,1,0,0,0,0,0,16,1,1
379,Emanuel Emegha,Strasbourg,1.0,9,7,2,0,0,0,0,0,0,0,0,0,5,0,1
380,Yannik Engelhardt,Como,0.8,25,25,0,0,0,0,0,0,0,0,0,0,25,0,0
381,Martin Erlic,Bologna,1.0,66,66,0,0,0,0,0,0,0,0,0,0,61,0,0
382,Alfonso Espino,Rayo Vallecano,1.0,36,27,8,1,0,0,1,7,0,0,0,0,16,1,1
383,Sebastiano Esposito,Empoli,0.8,16,16,0,0,0,0,1,0,0,0,0,0,9,0,2
384,Nahuel Estevez,Parma,1.0,31,27,4,1,0,0,3,0,3,0,1,0,22,0,0
385,Jonny Evans,Manchester Utd,0.1,6,5,1,0,0,0,0,0,0,0,0,0,4,0,0
386,Eberechi Eze,Crystal Palace,1.0,43,38,3,1,1,0,0,0,1,0,0,0,31,2,0
387,Abde Ezzalzouli,Betis,0.4,9,9,0,0,0,0,0,0,0,0,0,0,8,0,1
388,Giovanni Fabbian,Bologna,1.0,25,24,1,0,0,0,1,1,0,0,0,0,22,0,1
390,Wout Faes,Leicester City,1.0,30,27,3,1,1,0,0,0,0,0,0,0,27,0,0
391,Nicolo Fagioli,Juventus,0.3,20,18,2,2,1,0,0,0,0,0,0,0,18,0,0
392,Romain Faivre,Brest,0.3,20,20,0,0,0,0,0,0,0,0,0,0,16,0,2
393,Wladimiro Falcone,Lecce,1.0,26,23,3,1,0,0,0,0,0,0,0,0,20,0,0
394,Abdul Fatawu Issahaku,Leicester City,1.0,25,23,2,0,1,0,4,2,0,0,0,0,18,0,1
395,Jacopo Fazzini,Empoli,0.9,17,16,1,0,0,0,2,0,0,0,0,0,9,0,0
396,Peter Federico,Getafe,0.5,8,7,0,0,0,0,0,0,0,0,0,0,5,1,0
397,Nabil Fekir,Betis,1.0,34,30,4,0,0,0,7,0,4,2,1,0,29,0,0
398,Kiko Femenia,Villarreal,1.0,74,63,11,4,0,1,1,6,0,0,0,0,69,0,1
399,Bruno Fernandes,Manchester Utd,1.0,60,51,8,2,0,0,8,1,4,1,2,0,43,1,3
400,Enzo Fernandez,Chelsea,1.0,56,53,3,1,0,1,2,0,2,2,0,0,47,0,0
401,Jordan Ferri,Montpellier,1.0,45,43,2,2,0,0,2,0,0,0,0,0,35,0,0
402,Karol Fila,Strasbourg,0.1,4,4,0,0,0,0,0,0,0,0,0,0,2,0,1
403,Mark Flekken,Brentford,1.0,55,41,14,6,0,0,0,0,0,0,0,0,42,0,0
404,Phil Foden,Manchester City,0.5,28,28,0,0,0,0,0,0,0,0,0,0,24,0,0
405,Malick Fofana,Lyon,0.3,9,9,0,0,0,0,2,0,0,0,0,0,5,0,1
406,Wesley Fofana,Chelsea,1.0,56,56,0,0,0,0,0,0,0,0,0,0,49,0,0
407,Yahia Fofana,Angers,1.0,37,26,11,3,0,0,0,0,0,0,0,0,22,0,0
408,Lamine Fomba,Saint-Étienne,0.1,6,6,0,0,0,1,0,0,0,0,0,0,5,0,0
409,Pablo Fornals,Betis,0.6,21,20,1,1,0,0,0,0,0,0,0,0,15,0,1
410,Dimitri Foulquier,Valencia,0.3,14,12,2,0,0,0,0,2,0,0,0,0,8,0,3
411,Enric Franquesa,Leganés,1.0,18,17,0,0,0,0,2,0,0,0,0,0,9,1,1
412,Davide Frattesi,Inter,0.3,6,5,1,0,1,0,0,1,0,0,0,0,4,0,0
413,Morten Frendrup,Genoa,1.0,23,21,2,2,0,0,0,0,0,0,0,0,20,0,0
414,Martin Frese,Hellas Verona,0.6,27,23,4,1,0,0,1,3,0,0,0,0,18,0,0
416,Remo Freuler,Bologna,1.0,86,79,6,5,1,0,1,1,0,0,0,0,79,1,1
417,Jorge de Frutos,Rayo Vallecano,0.8,11,11,0,0,0,0,1,0,0,0,0,0,4,0,3
418,Angelo Fulgini,Lens,0.7,25,25,0,0,1,1,0,0,0,0,0,0,18,0,1
419,Niclas Fullkrug,West Ham,0.2,4,3,1,0,0,0,0,0,0,0,0,0,4,0,0
420,Manuel Fuster,Las Palmas,0.2,17,14,3,2,1,0,3,0,1,1,0,0,11,0,0
421,Alessandro Gabrielloni,Como,0.4,3,2,1,0,0,0,0,0,0,0,0,0,2,0,1
422,Roberto Gagliardini,Monza,0.5,26,24,2,2,0,0,0,0,0,0,0,0,25,0,0
423,Cody Gakpo,Liverpool,0.1,10,10,0,0,0,0,3,0,0,0,0,0,7,0,0
424,Antonino Gallo,Lecce,1.0,61,46,14,2,0,0,10,7,5,2,2,0,44,1,0
425,Idrissa Gana Gueye,Everton,1.0,35,33,2,1,0,0,0,0,0,0,0,0,29,0,0
426,Eric Garcia,Barcelona,0.2,11,11,0,0,0,0,0,0,0,0,0,0,10,0,0
427,Joan Garcia,Espanyol,1.0,34,24,10,3,0,0,0,0,0,0,0,0,28,0,0
428,Ruben Garcia,Osasuna,0.9,42,38,4,3,0,2,7,0,1,1,0,0,32,0,1
429,Alejandro Garnacho,Manchester Utd,0.3,11,11,0,0,0,0,1,0,0,0,0,0,10,0,0
430,Yarek Gasiorowski,Valencia,1.0,36,35,1,1,0,0,0,0,0,0,0,0,33,0,0
431,Gaspar,Lecce,1.0,53,47,6,6,0,0,0,0,0,0,0,0,42,0,0
432,Federico Gatti,Juventus,1.0,71,70,1,1,0,0,0,0,0,0,0,0,69,0,0
433,Paulo Gazzaniga,Girona,1.0,43,36,7,2,0,0,0,0,0,0,0,0,31,0,0
434,Yann Gboho,Toulouse,1.0,26,26,0,0,0,0,5,0,0,0,0,0,14,0,2
435,Valentin Gendrey,Lecce,1.0,30,20,10,0,0,0,3,10,0,0,0,0,20,0,0
436,Lautaro Gianetti,Udinese,1.0,22,17,5,3,0,1,0,0,0,0,0,0,18,0,0
437,Morgan Gibbs-White,Nott'ham Forest,1.0,63,63,0,0,1,0,2,0,0,0,0,0,46,0,2
438,Bryan Gil,Girona,0.9,48,45,2,0,0,0,5,2,0,0,0,0,39,1,1
439,Billy Gilmour,Brighton,0.1,12,12,0,0,1,0,0,0,0,0,0,0,10,0,0
440,Ben Godfrey,Atalanta,0.3,10,8,2,1,0,0,0,1,0,0,0,0,8,0,1
442,Edoardo Goldaniga,Como,1.0,58,54,3,3,0,0,0,0,0,0,0,0,55,1,0
443,Pierluigi Gollini,Genoa,1.0,33,19,14,7,0,0,0,0,0,0,0,0,19,0,0
444,Angel Gomes,Lille,0.5,5,5,0,0,0,0,0,0,0,0,0,0,4,0,0
445,Joao Gomes,Wolves,0.9,40,38,2,1,0,1,2,1,0,0,0,0,33,0,1
446,Rodrigo Gomes,Wolves,0.8,20,18,2,0,1,0,4,1,1,0,1,0,11,0,0
447,Toti Gomes,Wolves,1.0,58,54,4,3,0,0,0,1,0,0,0,0,52,0,2
448,Dani Gomez,Valencia,0.3,8,7,1,0,0,0,0,1,0,0,0,0,6,0,1
449,Moi Gomez,Osasuna,0.7,46,43,3,1,0,0,2,0,1,0,1,0,40,0,0
450,Sergi Gomez,Espanyol,1.0,72,66,6,4,0,0,0,0,0,0,0,0,66,0,0
451,Sergio Gomez,Real Sociedad,0.3,23,18,5,1,0,0,5,1,3,1,2,0,16,0,0
452,Unai Gomez,Athletic Club,0.4,12,8,4,0,0,0,4,0,4,4,0,0,8,0,0
453,Urko Gonzalez,Real Sociedad,0.5,17,17,0,0,0,1,1,0,0,0,0,0,10,0,1
454,Anthony Gordon,Newcastle Utd,0.8,18,14,4,1,0,0,3,1,2,2,0,0,11,0,1
455,Andoni Gorosabel,Athletic Club,0.9,28,20,8,0,0,0,0,8,0,0,0,0,24,0,1
456,Amine Gouiri,Rennes,1.0,30,29,1,0,0,0,0,0,0,0,0,0,27,0,0
457,Jonathan Gradit,Lens,1.0,68,65,3,3,1,1,1,0,0,0,0,0,53,0,1
458,Jose Gragera,Espanyol,0.9,48,45,2,2,0,0,0,0,0,0,0,0,42,1,2
459,Samuel Grandsir,Le Havre,0.2,0,0,0,0,0,0,0,0,0,0,0,0,0,0,0
460,Ryan Gravenberch,Liverpool,1.0,59,59,0,0,2,0,0,0,0,0,0,0,51,0,1
461,Archie Gray,Tottenham,0.1,21,21,0,0,0,0,0,0,0,0,0,0,18,0,3
462,Jacob Greaves,Ipswich Town,1.0,30,30,0,0,0,0,0,0,0,0,0,0,25,0,0
463,Mason Greenwood,Marseille,1.0,30,30,0,0,0,1,0,0,0,0,0,0,26,0,0
464,Dominik Greif,Mallorca,1.0,15,9,6,1,0,0,0,0,0,0,0,0,6,0,0
465,Antoine Griezmann,Atlético Madrid,0.9,43,41,2,0,0,1,4,0,2,1,1,0,35,0,3
466,Albert Gronbaek,Rennes,1.0,21,19,2,0,0,0,2,1,1,1,0,0,17,0,1
468,Nemanja Gudelj,Sevilla,1.0,53,49,4,2,0,0,0,0,0,0,0,0,51,0,0
469,Gabriel Gudmundsson,Lille,0.1,3,3,0,0,0,0,0,0,0,0,0,0,3,0,0
470,Marc Guehi,Crystal Palace,1.0,45,43,1,1,0,0,0,0,0,0,0,0,42,1,0
471,Matteo Guendouzi,Lazio,1.0,63,59,4,2,1,0,0,2,0,0,0,0,57,0,1
472,Javier Guerra,Valencia,0.9,20,16,1,1,0,0,0,0,0,0,0,0,15,3,0
473,Evann Guessand,Nice,1.0,11,9,2,0,0,0,1,0,0,0,0,0,10,0,0
474,Ander Guevara,Alavés,0.9,42,41,0,0,0,0,0,0,0,0,0,0,33,1,1
475,Pape Gueye,Villarreal,0.2,18,17,1,1,0,0,1,0,0,0,0,0,15,0,0
476,Hugo Guillamon,Valencia,0.1,9,8,1,1,0,0,0,0,0,0,0,0,9,0,0
477,Bruno Guimaraes,Newcastle Utd,1.0,28,21,7,7,0,0,3,0,0,0,0,0,18,0,0
478,Bahereba Guirassy,Nantes,0.0,0,0,0,0,0,0,0,0,0,0,0,0,0,0,0
479,Marc Guiu,Chelsea,0.3,4,3,1,0,0,0,0,0,0,0,0,0,3,0,0
480,Arda Guler,Real Madrid,0.0,4,4,0,0,0,0,1,0,0,0,0,0,2,0,0
481,Gerard Gumbau,Rayo Vallecano,0.5,12,8,4,4,0,0,1,0,0,0,0,0,7,0,0
482,Jon Guridi,Alavés,0.7,23,20,2,0,0,0,0,0,0,0,0,0,15,1,0
483,Gorka Guruzeta,Athletic Club,1.0,21,19,2,0,0,0,0,0,0,0,0,0,16,0,0
484,Malo Gusto,Chelsea,1.0,44,36,8,0,0,0,4,8,0,0,0,0,36,0,2
485,Miguel Gutierrez,Girona,1.0,59,46,13,2,1,0,5,11,0,0,0,0,50,0,3
486,Josko Gvardiol,Manchester City,1.0,69,64,5,1,0,0,0,4,0,0,0,0,64,0,1
487,Emmanuel Gyasi,Empoli,1.0,25,19,6,0,0,0,2,6,0,0,0,0,15,0,0
488,Christian Gytkjaer,Venezia,0.9,15,12,3,0,0,0,0,0,0,0,0,0,9,0,3
489,Erling Haaland,Manchester City,1.0,8,8,0,0,0,0,0,0,0,0,0,0,3,0,1
490,Nicolas Haas,Empoli,0.1,1,1,0,0,0,0,0,0,0,0,0,0,1,0,0
491,Antoine Hainaut,Parma,0.3,7,7,0,0,0,0,0,0,0,0,0,0,4,0,1
492,Achraf Hakimi,Paris S-G,1.0,84,75,9,0,0,0,3,9,0,0,0,0,78,0,2
494,Lewis Hall,Newcastle Utd,0.8,30,22,8,2,0,0,5,5,1,1,0,0,17,0,1
495,Ali Al Hamadi,Ipswich Town,0.2,1,1,0,0,0,0,0,0,0,0,0,0,1,0,0
496,Florent Hanin,Angers,0.2,14,10,4,0,0,0,1,4,0,0,0,0,13,0,0
497,Ridgeciano Haps,Venezia,0.4,19,18,1,0,0,0,0,1,0,0,0,0,17,0,1
498,Amine Harit,Marseille,1.0,36,33,3,2,0,1,1,0,0,0,0,0,33,0,0
499,Marcus Harness,Ipswich Town,0.3,14,14,0,0,0,0,0,0,0,0,0,0,9,0,1
500,Jack Harrison,Everton,0.9,26,24,1,0,0,0,4,1,0,0,0,0,17,1,1
501,Abdou Harroui,Hellas Verona,0.2,8,8,0,0,0,0,0,0,0,0,0,0,7,0,0
502,Taylor Harwood-Bellis,Southampton,1.0,93,89,4,3,0,0,1,1,0,0,0,0,82,0,0
503,Hans Hateboer,Rennes,0.2,8,7,0,0,0,0,1,0,0,0,0,0,7,1,0
504,Kai Havertz,Arsenal,1.0,18,18,0,0,0,0,0,0,0,0,0,0,14,0,0
505,Jan Paul van Hecke,Brighton,1.0,87,85,2,2,0,0,0,0,0,0,0,0,81,0,0
506,Hwang Hee-chan,Wolves,1.0,23,22,1,0,0,0,1,1,0,0,0,0,18,0,1
507,Dean Henderson,Crystal Palace,1.0,25,15,10,0,0,0,0,0,0,0,0,0,16,0,0
508,Liam Henderson,Empoli,1.0,45,37,7,4,0,0,5,0,3,0,3,0,32,1,1
509,Luis Henrique,Marseille,1.0,28,28,0,0,0,0,0,0,0,0,0,0,23,0,2
510,Mads Hermansen,Leicester City,1.0,28,21,6,2,0,0,0,0,0,0,0,0,14,1,0
511,Javi Hernandez,Leganés,1.0,32,25,7,1,1,0,1,6,0,0,0,0,25,0,0
512,Theo Hernandez,Milan,0.3,26,22,4,0,0,0,3,3,1,0,0,0,24,0,0
513,Jorge Herrando,Osasuna,1.0,39,37,2,2,0,1,0,0,0,0,0,0,24,0,0
514,Ander Herrera,Athletic Club,0.4,32,31,1,1,0,0,0,0,0,0,0,0,27,0,0
515,Sergio Herrera,Osasuna,1.0,20,14,5,2,0,0,0,0,0,0,0,0,15,1,0
516,Yangel Herrera,Girona,0.8,40,40,0,0,0,1,6,0,0,0,0,0,28,0,2
517,Son Heung-min,Tottenham,1.0,52,50,2,1,0,0,3,1,0,0,0,0,43,0,4
518,Isak Hien,Atalanta,1.0,48,46,2,2,0,0,0,0,0,0,0,0,40,0,0
520,Omar El Hilali,Espanyol,1.0,49,42,7,3,0,0,1,4,0,0,0,0,42,0,0
521,Jack Hinshelwood,Brighton,1.0,72,58,14,1,0,2,3,13,0,0,0,0,60,0,1
522,Mason Holgate,Everton,0.1,2,0,2,0,0,0,0,2,0,0,0,0,2,0,0
523,Cedric Hountondji,Angers,1.0,31,29,2,2,0,0,0,0,0,0,0,0,21,0,0
524,Callum Hudson-Odoi,Nott'ham Forest,0.8,39,38,1,0,0,0,3,0,1,1,0,0,33,0,0
525,Will Hughes,Crystal Palace,0.9,49,48,1,0,0,0,1,0,0,0,0,0,43,0,1
526,Dean Huijsen,Bournemouth,1.0,68,67,1,1,0,0,0,0,0,0,0,0,56,0,1
527,Omari Hutchinson,Ipswich Town,1.0,20,18,1,0,0,0,1,0,0,0,0,0,10,1,4
528,Pierre Hojbjerg,Marseille,1.0,96,93,3,3,0,0,0,0,0,0,0,0,87,0,2
529,Iglesias,Getafe,1.0,29,13,15,1,0,0,1,14,0,0,0,0,15,1,0
530,Borja Iglesias,Celta Vigo,0.1,5,5,0,0,0,0,0,0,0,0,0,0,2,0,1
531,Jonathan Ikone,Fiorentina,0.3,5,5,0,0,0,0,0,0,0,0,0,0,5,0,0
532,George Ilenikhena,Monaco,0.1,2,2,0,0,1,0,0,0,0,0,0,0,1,0,0
533,Ivan Ilic,Torino,0.8,27,26,1,0,0,0,2,0,1,1,0,0,23,0,1
534,Danny Ings,West Ham,0.1,4,4,0,0,0,0,1,0,0,0,0,0,2,0,0
535,Tim Iroegbunam,Everton,1.0,29,28,0,0,0,0,0,0,0,0,0,0,17,1,1
536,Alexander Isak,Newcastle Utd,1.0,10,9,1,0,0,0,0,0,0,0,0,0,8,0,1
537,Gustav Isaksen,Lazio,0.2,4,3,1,1,0,0,1,0,0,0,0,0,3,0,0
538,Ismaily,Lille,0.9,49,43,6,0,0,0,3,6,0,0,0,0,42,0,1
539,Ardian Ismajli,Empoli,1.0,34,29,4,3,0,0,0,0,0,0,0,0,22,1,0
540,Junya Ito,Reims,1.0,19,17,2,1,0,0,2,0,0,0,0,0,12,0,2
541,Alex Iwobi,Fulham,1.0,29,28,0,0,1,0,3,0,0,0,0,0,19,1,2
542,Armando Izzo,Monza,1.0,69,64,5,5,0,0,0,0,0,0,0,0,61,0,0
543,Nicolas Jackson,Chelsea,0.7,16,14,2,0,0,0,0,0,0,0,0,0,11,0,0
544,Karl Jakob Hein,Valladolid,1.0,38,30,8,1,0,0,0,0,0,0,0,0,24,0,0
546,Ismail Jakobs,Monaco,1.0,47,39,8,2,0,0,3,6,0,0,0,0,42,0,1
547,Vitaly Janelt,Brentford,0.8,30,30,0,0,0,0,1,0,0,0,0,0,28,0,0
548,Daniel Jebbison,Bournemouth,0.2,5,5,0,0,0,0,1,0,0,0,0,0,3,0,0
549,Mathias Jensen,Brentford,0.9,41,33,8,1,0,0,4,6,1,1,0,0,29,0,1
550,Gabriel Jesus,Arsenal,0.1,4,4,0,0,0,0,0,0,0,0,0,0,4,0,0
551,Juan Jesus,Napoli,0.9,73,68,5,3,0,0,0,2,0,0,0,0,62,0,2
552,Raul Jimenez,Fulham,0.1,4,4,0,0,0,0,0,0,0,0,0,0,2,0,1
553,Joao Pedro,Brighton,0.9,16,16,0,0,0,0,0,0,0,0,0,0,9,0,2
554,Joelinton,Newcastle Utd,1.0,17,16,0,0,0,0,0,0,0,0,0,0,10,1,0
555,Jofre,Espanyol,0.2,10,9,1,0,1,0,2,1,0,0,0,0,8,0,1
556,Ben Johnson,Ipswich Town,0.4,12,9,3,0,0,0,0,3,0,0,0,0,9,0,0
557,Brennan Johnson,Tottenham,0.9,29,28,1,0,0,0,2,1,0,0,0,0,21,0,1
558,Karl-Johan Johnsson,Strasbourg,1.0,36,34,2,2,0,0,0,0,0,0,0,0,29,0,0
559,Paul Joly,Auxerre,1.0,55,50,5,1,0,2,8,4,0,0,0,0,34,0,2
560,Jesse Joronen,Venezia,1.0,30,23,7,0,0,0,0,0,0,0,0,0,24,0,0
561,Diogo Jota,Liverpool,0.9,15,15,0,0,0,1,1,0,0,0,0,0,9,0,2
562,Antoine Joujou,Le Havre,0.8,15,15,0,0,0,0,1,0,0,0,0,0,7,0,1
563,Luka Jovic,Milan,0.7,14,12,2,0,0,0,1,0,0,0,0,0,11,0,0
564,Juanmi,Betis,0.6,10,9,1,0,0,0,0,1,0,0,0,0,8,0,2
565,Jubal,Auxerre,1.0,40,38,2,2,0,1,0,0,0,0,0,0,39,0,0
566,Vinicius Junior,Real Madrid,1.0,44,41,3,1,0,0,2,2,0,0,0,0,33,0,3
567,Stanko Juric,Valladolid,0.3,17,17,0,0,0,0,0,0,0,0,0,0,15,0,0
568,James Justin,Leicester City,1.0,33,31,2,0,0,0,2,2,0,0,0,0,28,0,1
569,Yaya Kader Fofana,Reims,0.2,7,7,0,0,0,0,0,0,0,0,0,0,4,0,0
570,Tino Kadewere,Nantes,0.9,22,22,0,0,0,0,0,0,0,0,0,0,17,0,0
572,Daichi Kamada,Crystal Palace,0.8,28,28,0,0,0,0,0,0,0,0,0,0,23,0,1
573,Waren Kamanzi,Toulouse,0.9,47,39,8,1,0,0,1,7,0,0,0,0,41,0,0
574,Glen Kamara,Rennes,1.0,64,61,3,3,1,0,0,0,0,0,0,0,59,0,0
575,Hassane Kamara,Udinese,0.9,16,10,6,0,0,0,1,6,0,0,0,0,13,0,0
576,Nordine Kandil,Strasbourg,0.1,6,6,0,0,0,0,0,0,0,0,0,0,3,0,0
577,Lee Kang-in,Paris S-G,0.8,51,46,5,1,0,0,3,0,4,0,2,0,47,0,2
578,Yann Karamoh,Torino,0.2,7,7,0,0,0,0,0,0,0,0,0,0,6,0,0
579,Jesper Karlstrom,Udinese,0.4,5,4,1,1,0,0,0,0,0,0,0,0,3,0,0
580,Grigoris Kastanos,Hellas Verona,0.6,19,19,0,0,0,0,0,0,0,0,0,0,12,0,0
581,Michael Kayode,Fiorentina,0.2,6,5,1,1,0,0,0,0,0,0,0,0,5,0,0
582,Moise Kean,Fiorentina,1.0,10,7,2,0,0,0,0,0,0,0,0,0,9,1,0
583,Michael Keane,Everton,1.0,53,51,0,0,0,5,0,0,0,0,0,0,44,2,2
584,Yassine Kechta,Le Havre,1.0,23,22,1,1,0,0,1,0,0,0,0,0,19,0,0
585,Thilo Kehrer,Monaco,1.0,67,61,6,6,1,0,0,0,0,0,0,0,63,0,0
586,Lloyd Kelly,Newcastle Utd,0.2,2,1,1,1,0,0,0,0,0,0,0,0,1,0,0
587,Milos Kerkez,Bournemouth,1.0,56,48,7,1,0,0,3,6,0,0,0,0,46,1,1
588,Reda Khadra,Reims,0.3,9,7,2,2,1,0,2,0,0,0,0,0,4,0,0
589,Abdukodir Khusanov,Lens,0.0,0,0,0,0,0,0,0,0,0,0,0,0,0,0,0
590,Kike,Alavés,0.9,12,12,0,0,0,0,0,0,0,0,0,0,8,0,0
591,Max Kilman,West Ham,1.0,73,73,0,0,0,0,0,0,0,0,0,0,62,0,1
592,Justin Kluivert,Bournemouth,0.3,14,12,2,0,0,0,3,1,1,0,0,0,11,0,1
593,Magnus Kofod Andersen,Venezia,0.9,30,27,3,3,0,0,0,0,0,0,0,0,28,0,0
594,Philipp Kohn,Monaco,1.0,24,17,7,1,0,0,0,0,0,0,0,0,21,0,0
595,Koke,Atlético Madrid,0.7,50,49,1,1,0,0,1,0,0,0,0,0,45,0,1
596,Randal Kolo Muani,Paris S-G,0.8,9,8,1,0,0,0,0,0,0,0,0,0,6,0,0
598,Ibrahima Konate,Liverpool,0.5,30,28,2,2,0,0,0,0,0,0,0,0,28,0,0
599,Abdoul Kone,Reims,0.7,27,19,8,0,0,0,0,8,0,0,0,0,17,0,5
600,Amadou Kone,Reims,0.2,7,7,0,0,0,0,0,0,0,0,0,0,7,0,0
601,Ezri Konsa,Aston Villa,1.0,45,44,1,1,1,0,0,0,0,0,0,0,41,0,0
602,Christian Kouame,Fiorentina,0.9,26,24,1,0,0,0,0,1,0,0,0,0,19,1,0
603,Jules Kounde,Barcelona,1.0,75,65,10,1,0,2,1,9,0,0,0,0,68,0,1
604,Mateo Kovacic,Manchester City,1.0,66,63,3,3,0,0,0,0,0,0,0,0,63,0,0
605,Emil Krafth,Newcastle Utd,0.7,3,2,1,1,0,0,0,0,0,0,0,0,2,0,0
606,Alex Kral,Espanyol,0.4,20,20,0,0,0,0,0,0,0,0,0,0,16,0,1
607,Ladislav Krejci,Girona,0.1,11,10,1,0,0,0,0,0,0,0,0,0,11,0,0
608,Nikola Krstovic,Lecce,0.8,18,14,4,0,0,0,0,0,0,0,0,0,14,0,0
609,Takefusa Kubo,Real Sociedad,0.7,14,11,3,2,0,0,2,0,1,0,0,0,11,0,1
610,Mohammed Kudus,West Ham,1.0,36,35,1,1,0,1,9,0,0,0,0,0,24,0,3
611,Dejan Kulusevski,Tottenham,0.1,9,9,0,0,0,0,1,0,0,0,0,0,7,0,1
612,Daler Kuzyaev,Le Havre,1.0,27,25,2,1,0,0,3,0,1,1,0,0,20,0,1
613,Khvicha Kvaratskhelia,Napoli,0.5,13,12,1,0,0,0,0,0,0,0,0,0,13,0,0
614,Giorgos Kyriakopoulos,Monza,1.0,64,45,19,0,0,0,2,18,1,1,0,0,46,0,2
615,Remy Labeau Lascary,Lens,0.2,8,8,0,0,0,0,1,0,0,0,0,0,4,0,0
616,Gaetan Laborde,Nice,0.9,28,28,0,0,0,0,4,0,0,0,0,0,21,0,1
617,Alban Lafont,Nantes,1.0,32,21,11,5,0,0,0,0,0,0,0,0,17,0,0
618,Kenny Lala,Brest,1.0,64,54,9,1,0,0,2,8,0,0,0,0,54,1,1
619,Mohamed Lamine Bayo,Lille,0.5,5,5,0,0,0,0,0,0,0,0,0,0,3,0,0
620,Gianluca Lapadula,Cagliari,0.1,5,5,0,0,0,0,1,0,0,0,0,0,1,0,1
621,Cyle Larin,Mallorca,0.2,10,10,0,0,0,0,0,0,0,0,0,0,7,0,0
622,Gautier Larsonneur,Saint-Étienne,1.0,39,30,8,1,0,0,0,0,0,0,0,0,24,1,0
624,Romeo Lavia,Chelsea,0.7,39,39,0,0,0,0,0,0,0,0,0,0,38,0,0
625,Valentino Lazaro,Torino,1.0,39,37,2,0,0,0,2,1,1,1,0,0,32,0,0
626,Darko Lazovic,Hellas Verona,1.0,23,20,3,0,0,0,2,3,0,0,0,0,12,0,0
627,Manuel Lazzari,Lazio,1.0,69,61,8,0,0,0,6,8,0,0,0,0,55,0,4
628,Julien Le Cardinal,Brest,1.0,73,71,1,1,0,2,0,0,0,0,0,0,65,1,0
629,Jeremy Le Douaron,Brest,1.0,12,12,0,0,0,0,0,0,0,0,0,0,9,0,0
630,Enzo Le Fee,Roma,0.7,32,30,2,0,0,0,3,0,1,1,0,0,20,0,1
631,Robin Le Normand,Atlético Madrid,1.0,71,70,1,1,0,0,0,0,0,0,0,0,66,0,1
632,Rafael Leao,Milan,1.0,39,36,3,0,0,2,3,1,2,0,0,0,33,0,3
633,Benjamin Lecomte,Montpellier,1.0,40,31,9,5,0,0,0,0,0,0,0,0,21,0,0
634,Jordan Lefort,Angers,1.0,65,58,5,5,0,0,1,0,0,0,0,0,47,2,1
635,Florian Lejeune,Rayo Vallecano,1.0,21,19,2,1,0,0,0,0,0,0,0,0,10,0,0
636,Inigo Lekue,Athletic Club,0.1,16,14,2,1,0,0,1,1,0,0,0,0,14,0,0
637,Nunzio Lella,Venezia,0.1,1,1,0,0,0,0,0,0,0,0,0,0,1,0,0
638,Mario Lemina,Wolves,1.0,40,38,1,1,0,0,1,0,0,0,0,0,32,1,0
639,Bernd Leno,Fulham,1.0,42,33,9,3,0,0,0,0,0,0,0,0,30,0,0
640,Donovan Leon,Auxerre,1.0,40,30,9,6,0,0,0,0,0,0,0,0,29,1,0
641,Johann Lepenant,Nantes,0.1,2,1,1,0,0,0,1,0,1,1,0,0,1,0,0
642,Jefferson Lerma,Crystal Palace,0.2,22,22,0,0,1,0,0,0,0,0,0,0,20,0,0
643,Robert Lewandowski,Barcelona,1.0,17,16,1,0,0,0,0,0,0,0,0,0,15,0,0
644,Rico Lewis,Manchester City,1.0,50,40,10,1,0,0,0,9,0,0,0,0,38,0,1
645,Keane Lewis-Potter,Brentford,0.2,4,4,0,0,0,0,0,0,0,0,0,0,2,0,1
646,Matthijs de Ligt,Manchester Utd,0.1,2,2,0,0,0,0,0,0,0,0,0,0,2,0,0
647,Karol Linetty,Torino,1.0,44,41,3,3,0,0,0,0,0,0,0,0,42,0,0
648,Samuel Lino,Atlético Madrid,1.0,41,40,1,0,0,0,0,0,1,0,0,0,33,0,3
650,Pol Lirola,Marseille,0.8,28,20,8,0,0,0,0,8,0,0,0,0,20,0,2
651,Dailon Livramento,Hellas Verona,0.8,11,11,0,0,0,0,1,0,0,0,0,0,5,0,0
652,Valentino Livramento,Newcastle Utd,1.0,20,14,6,1,0,0,1,5,0,0,0,0,11,0,1
653,Diego Llorente,Betis,1.0,53,52,1,1,0,2,0,0,0,0,0,0,44,0,0
654,Marcos Llorente,Atlético Madrid,1.0,50,46,3,0,0,0,3,3,0,0,0,0,42,1,0
655,Gautier Lloris,Le Havre,1.0,25,25,0,0,0,1,0,0,0,0,0,0,20,0,1
656,Stanislav Lobotka,Napoli,1.0,73,72,1,1,0,0,0,0,0,0,0,0,62,0,2
657,Manuel Locatelli,Juventus,0.9,46,44,2,2,0,0,0,0,0,0,0,0,42,0,1
658,Ruben Loftus-Cheek,Milan,1.0,55,55,0,0,0,0,2,0,0,0,0,0,51,0,0
659,Enzo Loiodice,Las Palmas,0.8,47,41,6,1,0,0,4,0,5,2,1,1,38,0,1
660,Sean Longstaff,Newcastle Utd,1.0,15,15,0,0,0,0,0,0,0,0,0,0,11,0,2
661,David Lopez,Girona,1.0,59,51,8,3,0,0,0,0,0,0,0,0,58,0,0
662,Diego Lopez,Valencia,0.7,19,19,0,0,0,1,3,0,0,0,0,0,12,0,2
663,Javi Lopez,Real Sociedad,1.0,55,40,15,1,0,0,2,14,0,0,0,0,45,0,0
664,Roberto Lopez,Leganés,0.0,2,2,0,0,0,0,0,0,0,0,0,0,1,0,0
665,Unai Lopez,Rayo Vallecano,0.5,22,20,2,1,0,0,0,0,1,0,0,0,18,0,1
666,Jordan Lotomba,Nice,0.3,17,16,1,0,0,0,2,1,0,0,0,0,13,0,0
667,Sandi Lovric,Udinese,0.6,16,11,5,2,0,0,3,0,3,0,2,0,11,0,0
668,Pol Lozano,Espanyol,0.6,28,28,0,0,0,0,0,0,0,0,0,0,24,0,1
669,Lorenzo Lucca,Udinese,1.0,14,12,2,0,0,0,0,0,0,0,0,0,7,0,0
670,Douglas Luiz,Juventus,0.1,15,13,2,1,0,1,1,0,1,0,1,0,14,0,0
671,Dodi Lukebakio,Sevilla,0.8,19,15,4,1,0,1,4,0,3,2,0,0,16,0,0
672,Sasa Lukic,Fulham,1.0,45,43,2,2,0,0,0,0,0,0,0,0,40,0,1
673,Massimo Luongo,Ipswich Town,0.7,19,18,1,1,0,0,0,0,0,0,0,0,16,0,0
674,Sebastiano Luperto,Cagliari,1.0,50,46,4,1,0,0,0,3,0,0,0,0,41,0,1
676,Zito Luvumbo,Cagliari,0.8,8,7,1,0,0,0,1,0,0,0,0,0,5,0,0
677,Charalambos Lykogiannis,Bologna,0.9,73,64,9,3,0,0,4,3,3,0,3,0,58,0,2
678,Othmane Maamma,Montpellier,0.1,0,0,0,0,0,0,0,0,0,0,0,0,0,0,0
679,Ian Maatsen,Aston Villa,0.2,9,7,2,0,0,0,0,2,0,0,0,0,7,0,2
680,Alexis Mac Allister,Liverpool,1.0,50,49,1,1,1,1,1,0,0,0,0,0,42,0,2
681,Deiver Machado,Lens,0.3,17,10,7,0,0,0,2,5,2,2,0,0,10,0,0
682,James Maddison,Tottenham,0.9,71,55,16,4,1,2,11,0,12,4,3,0,55,0,1
683,Pablo Maffeo,Mallorca,1.0,36,26,10,1,0,0,5,9,0,0,0,0,26,0,2
684,Gabriel Magalhaes,Arsenal,1.0,66,65,1,1,0,1,0,0,0,0,0,0,54,0,1
685,Soungoutou Magassa,Monaco,0.2,22,22,0,0,0,0,0,0,0,0,0,0,20,0,0
686,Giangiacomo Magnani,Hellas Verona,0.4,5,5,0,0,0,0,0,0,0,0,0,0,5,0,0
687,Frank Magri,Toulouse,0.9,9,8,1,0,0,0,0,1,0,0,0,0,5,0,1
688,Harry Maguire,Manchester Utd,0.9,60,55,5,2,0,1,0,0,0,0,0,0,50,0,0
689,Mike Maignan,Milan,1.0,30,28,2,0,0,0,0,0,0,0,0,0,29,0,0
690,Kobbie Mainoo,Manchester Utd,0.9,41,40,1,1,0,0,0,0,0,0,0,0,37,0,0
691,Ainsley Maitland-Niles,Lyon,0.1,5,5,0,0,0,0,0,0,0,0,0,0,5,0,0
692,Daniel Maldini,Monza,0.7,16,15,1,0,0,1,1,0,1,1,0,0,6,0,1
693,Youssef Maleh,Empoli,0.9,31,29,1,1,0,0,0,0,0,0,0,0,24,1,0
694,Ruslan Malinovskyi,Genoa,0.8,25,25,0,0,0,0,0,0,0,0,0,0,22,0,1
695,Giorgi Mamardashvili,Valencia,1.0,37,31,6,2,0,0,0,0,0,0,0,0,22,0,0
696,Dennis Man,Parma,0.7,18,17,1,0,1,0,4,0,1,0,0,0,13,0,0
697,Hianga Mananga Mbock,Brest,0.2,17,17,0,0,0,0,0,0,0,0,0,0,14,0,0
698,Gianluca Mancini,Roma,1.0,39,38,1,0,0,0,0,0,0,0,0,0,35,0,0
699,Steve Mandanda,Rennes,1.0,27,17,10,3,0,0,0,0,0,0,0,0,18,0,0
700,Reinildo Mandava,Atlético Madrid,0.6,35,27,8,1,0,0,1,7,0,0,0,0,26,0,0
702,Aissa Mandi,Lille,0.8,68,66,2,0,0,2,2,2,0,0,0,0,63,0,0
703,Rolando Mandragora,Fiorentina,0.8,43,41,1,1,0,2,0,0,0,0,0,0,38,1,0
704,Orel Mangala,Lyon,0.7,32,31,0,0,0,0,1,0,0,0,0,0,29,1,2
705,Javier Manquillo,Celta Vigo,0.5,44,39,5,2,0,0,0,3,0,0,0,0,37,0,1
706,Filip Marchwinski,Lecce,0.2,5,5,0,0,0,0,0,0,0,0,0,0,4,0,1
707,Pablo Mari,Monza,1.0,63,57,6,3,0,0,0,0,0,0,0,0,54,0,0
708,Jose Maria Gimenez,Atlético Madrid,0.5,42,40,2,2,0,0,0,0,0,0,0,0,40,0,0
709,Razvan Marin,Cagliari,1.0,27,22,5,1,1,0,4,1,3,0,3,0,20,0,0
710,Mika Marmol,Las Palmas,1.0,60,57,3,0,0,0,0,1,0,0,0,0,53,0,0
711,Marquinhos,Paris S-G,0.2,28,27,1,1,0,0,0,0,0,0,0,0,26,0,1
712,Aaron Martin,Genoa,1.0,32,18,14,4,0,0,6,9,1,0,1,0,20,0,1
713,Gerard Martin,Barcelona,0.3,20,19,1,0,0,0,1,1,0,0,0,0,17,0,0
714,Ivan Martin,Girona,1.0,72,70,1,0,0,0,0,1,0,0,0,0,63,1,0
715,Jonas Martin,Brest,0.8,44,44,0,0,0,0,0,0,0,0,0,0,40,0,0
716,Gabriel Martinelli,Arsenal,1.0,23,23,0,0,0,0,2,0,0,0,0,0,18,0,2
717,Arnau Martinez,Girona,1.0,87,74,13,3,0,0,2,10,0,0,0,0,76,0,0
718,Emiliano Martinez,Aston Villa,1.0,37,31,6,3,0,0,0,0,0,0,0,0,26,0,0
719,Inigo Martinez,Barcelona,1.0,85,80,5,3,0,1,0,0,0,0,0,0,75,0,2
720,Lautaro Martinez,Inter,0.9,18,15,3,1,0,1,0,0,0,0,0,0,14,0,1
721,Lisandro Martinez,Manchester Utd,1.0,62,59,3,0,0,0,0,1,0,0,0,0,55,0,0
722,Lucas Martinez Quarta,Fiorentina,0.7,40,39,0,0,0,2,0,0,0,0,0,0,32,1,0
723,Adam Marusic,Lazio,1.0,68,57,11,0,0,0,3,11,0,0,0,0,63,0,0
724,Marvin,Las Palmas,0.8,29,18,11,1,0,0,2,10,0,0,0,0,21,0,2
725,Omar Mascarell,Mallorca,1.0,44,44,0,0,0,2,0,0,0,0,0,0,41,0,1
726,Adam Masina,Torino,1.0,53,47,6,1,0,0,0,5,0,0,0,0,50,0,0
728,Clinton Mata,Lyon,1.0,53,44,9,1,0,0,2,8,0,0,0,0,42,0,1
729,Jaime Mata,Las Palmas,0.7,15,15,0,0,0,0,5,0,0,0,0,0,7,0,1
730,Pape Matar Sarr,Tottenham,0.9,48,47,1,0,0,0,1,1,0,0,0,0,42,0,2
731,Jean-Philippe Mateta,Crystal Palace,0.5,10,10,0,0,0,0,0,0,0,0,0,0,7,0,0
732,Nemanja Matic,Lyon,0.9,45,41,4,3,0,2,0,0,0,0,0,0,39,0,1
733,Azor Matusiwa,Rennes,1.0,59,58,1,1,1,0,0,0,0,0,0,0,54,0,1
734,Stephy Mavididi,Leicester City,0.1,3,3,0,0,0,0,0,0,0,0,0,0,2,0,0
735,Konstantinos Mavropanos,West Ham,1.0,51,48,3,3,0,1,0,0,0,0,0,0,42,0,1
736,Noussair Mazraoui,Manchester Utd,0.9,45,38,7,0,0,0,0,7,0,0,0,0,41,0,0
737,Pasquale Mazzocchi,Napoli,1.0,42,37,5,0,0,0,1,5,0,0,0,0,33,0,1
738,Samuel Mbangula,Juventus,1.0,35,35,0,0,0,0,2,0,0,0,0,0,29,0,0
739,Ethan Mbappe,Lille,0.0,8,6,2,1,0,0,0,0,1,0,0,0,8,0,0
740,Kylian Mbappe,Real Madrid,1.0,32,30,2,0,0,0,1,0,0,0,0,0,25,0,2
741,Ibrahim Mbaye,Paris S-G,0.5,18,17,0,0,0,0,0,0,0,0,0,0,17,1,0
742,Bryan Mbeumo,Brentford,1.0,32,27,5,2,2,0,7,0,3,2,0,0,16,0,0
743,Kasey McAteer,Leicester City,0.1,4,4,0,0,0,0,0,0,0,0,0,0,2,0,0
744,Oliver McBurnie,Las Palmas,1.0,16,15,1,0,0,0,0,0,0,0,0,0,11,0,0
745,Alex McCarthy,Southampton,1.0,22,18,4,2,0,1,0,0,0,0,0,0,18,0,0
746,John McGinn,Aston Villa,0.7,14,14,0,0,0,0,1,0,0,0,0,0,12,0,0
747,Scott McKenna,Las Palmas,0.2,15,14,1,0,0,0,0,0,0,0,0,0,13,0,0
748,Dwight McNeil,Everton,1.0,32,28,4,1,0,2,5,2,1,0,1,0,24,0,0
749,Scott McTominay,Manchester Utd,0.1,4,4,0,0,0,0,0,0,0,0,0,0,4,0,0
750,Facundo Medina,Lens,1.0,52,50,0,0,0,1,0,0,0,0,0,0,46,2,0
751,Ben Mee,Brentford,0.0,2,2,0,0,0,0,0,0,0,0,0,0,1,0,0
752,Henrik Meister,Rennes,0.0,1,1,0,0,0,0,0,0,0,0,0,0,1,0,0
754,Bamo Meite,Marseille,0.2,18,14,4,0,0,0,0,4,0,0,0,0,16,0,1
755,Brais Mendez,Real Sociedad,1.0,50,46,4,1,0,0,2,2,1,0,1,0,37,0,2
756,Antoine Mendy,Nice,1.0,66,59,7,2,0,0,0,5,0,0,0,0,55,0,1
757,Ferland Mendy,Real Madrid,1.0,72,62,10,3,0,1,0,7,0,0,0,0,71,0,0
758,Nampalys Mendy,Lens,0.8,43,43,0,0,0,1,0,0,0,0,0,0,39,0,1
759,Alex Meret,Napoli,1.0,34,24,10,2,0,0,0,0,0,0,0,0,31,0,0
760,Quentin Merlin,Marseille,1.0,54,54,0,0,0,0,0,0,0,0,0,0,45,0,2
761,Victor Meseguer,Valladolid,0.2,7,7,0,0,0,0,0,0,0,0,0,0,7,0,0
762,Junior Messias,Genoa,1.0,8,7,1,0,0,0,0,0,0,0,0,0,6,0,0
763,Thomas Meunier,Lille,0.2,19,19,0,0,0,0,2,0,0,0,0,0,17,0,1
764,Miguel,Leganés,1.0,9,9,0,0,0,0,0,0,0,0,0,0,3,0,2
765,Valentin Mihaila,Parma,0.7,13,12,1,0,1,0,0,1,0,0,0,0,7,0,0
766,Georges Mikautadze,Lyon,1.0,29,26,3,0,0,0,2,0,0,0,0,0,25,0,0
767,Vanja Milinkovic-Savic,Torino,1.0,58,42,16,4,0,0,0,0,0,0,0,0,40,0,0
768,Eder Militao,Real Madrid,1.0,60,58,2,1,0,0,0,0,0,0,0,0,58,0,0
769,Luis Milla,Getafe,1.0,34,24,10,5,0,0,8,0,5,3,2,0,18,0,2
770,Pere Milla,Espanyol,0.6,19,18,1,1,0,0,1,0,0,0,0,0,13,0,2
771,James Milner,Brighton,0.9,40,31,9,3,0,0,7,0,5,2,2,0,30,0,0
772,Takumi Minamino,Monaco,1.0,34,33,1,0,2,0,0,1,0,0,0,0,25,0,1
773,Oscar Mingueza,Celta Vigo,1.0,75,57,18,4,0,2,5,13,1,0,0,0,56,0,2
774,Yankuba Minteh,Brighton,0.5,13,13,0,0,0,0,0,0,0,0,0,0,9,0,3
775,Rafa Mir,Valencia,0.8,13,13,0,0,0,0,1,0,0,0,0,0,8,0,0
776,Juan Miranda,Bologna,0.1,16,14,2,1,0,0,4,0,1,0,1,0,15,0,0
777,Tyrick Mitchell,Crystal Palace,1.0,49,42,7,0,0,0,5,7,0,0,0,0,39,0,1
778,Kaoru Mitoma,Brighton,1.0,29,29,0,0,0,0,1,0,0,0,0,0,24,0,0
780,Henrikh Mkhitaryan,Inter,0.7,27,27,0,0,0,0,0,0,0,0,0,0,21,0,0
781,Luka Modric,Real Madrid,0.3,44,40,4,1,0,1,2,0,3,1,1,0,36,0,1
782,Mostafa Mohamed,Nantes,0.2,3,3,0,0,0,0,0,0,0,0,0,0,2,0,0
783,Johan Mojica,Mallorca,1.0,55,50,5,0,0,1,5,5,0,0,0,0,44,0,1
784,Alberto Moleiro,Las Palmas,1.0,18,18,0,0,1,0,2,0,0,0,0,0,16,0,1
785,Nahuel Molina,Atlético Madrid,0.4,38,34,4,0,0,0,3,4,0,0,0,0,31,0,4
786,Jon Moncayola,Osasuna,0.5,28,23,5,2,0,0,6,0,3,1,2,0,18,0,1
787,Lorenzo Montipo,Hellas Verona,1.0,37,23,14,4,0,1,0,0,0,0,0,0,11,0,0
788,Alvaro Morata,Milan,0.3,6,5,1,0,0,0,0,0,0,0,0,0,5,0,0
789,Diego Moreira,Strasbourg,0.5,18,16,2,0,0,0,1,1,1,0,0,0,10,0,0
790,Alberto Moreno,Como,1.0,51,41,10,0,0,2,1,10,0,0,0,0,45,0,0
791,Gerard Moreno,Villarreal,0.8,26,23,3,0,0,0,1,0,0,0,0,0,20,0,0
792,Tete Morente,Lecce,0.5,13,12,1,0,0,0,0,1,0,0,0,0,11,0,1
793,Ilaix Moriba,Celta Vigo,0.3,16,16,0,0,0,0,1,0,0,0,0,0,13,0,1
794,Manu Morlanes,Mallorca,0.2,11,10,1,0,0,0,1,0,1,0,1,0,10,0,0
795,Nikola Moro,Bologna,0.8,46,44,2,0,1,0,6,0,2,0,2,0,32,0,3
796,Raul Moro,Valladolid,1.0,34,32,1,0,0,1,6,0,1,1,0,0,18,1,1
797,Sam Morsy,Ipswich Town,1.0,47,43,3,3,0,0,1,0,0,0,0,0,37,1,2
798,Cristhian Mosquera,Valencia,1.0,56,54,2,2,0,1,0,0,0,0,0,0,52,0,0
799,Daniel Mosquera,Hellas Verona,0.2,5,5,0,0,0,0,0,0,0,0,0,0,1,0,0
800,Yerson Mosquera,Wolves,1.0,47,44,3,0,0,0,1,0,0,0,0,0,40,0,0
801,Dany Mota,Monza,0.3,14,14,0,0,0,0,1,0,0,0,0,0,7,0,0
802,Mason Mount,Manchester Utd,0.7,15,15,0,0,0,0,0,0,0,0,0,0,11,0,0
803,Ngal'Ayel Mukau,Lille,0.8,67,66,0,0,0,0,0,0,0,0,0,0,60,1,1
804,Abdul Mumin,Rayo Vallecano,1.0,23,18,5,3,0,0,0,0,0,0,0,0,17,0,0
806,Marshall Munetsi,Reims,1.0,9,9,0,0,0,0,0,0,0,0,0,0,4,0,0
807,Rodrigo Muniz,Fulham,0.9,6,6,0,0,0,0,0,0,0,0,0,0,5,0,0
808,Alex Munoz,Las Palmas,0.8,44,34,10,0,0,0,6,10,0,0,0,0,32,0,2
809,Daniel Munoz,Crystal Palace,1.0,55,42,13,2,0,0,2,10,1,0,0,0,42,0,2
810,Iker Munoz,Osasuna,0.5,29,29,0,0,0,0,1,0,0,0,0,0,19,0,2
811,Javier Munoz,Las Palmas,1.0,37,35,2,0,1,0,2,0,0,0,0,0,28,0,1
812,Murillo,Nott'ham Forest,1.0,39,28,11,2,0,0,0,0,0,0,0,0,36,0,0
813,Vedat Muriqi,Mallorca,1.0,19,19,0,0,0,0,1,0,0,0,0,0,14,0,1
814,Jacob Murphy,Newcastle Utd,0.3,7,7,0,0,0,0,0,0,0,0,0,0,6,0,0
815,Yunus Musah,Milan,0.2,18,18,0,0,0,1,2,0,0,0,0,0,17,0,0
816,Juan Musso,Atalanta,1.0,33,17,16,2,0,0,0,0,0,0,0,0,17,0,0
817,Junior Mwanga,Strasbourg,1.0,45,43,2,2,0,1,0,0,0,0,0,0,41,0,1
818,Vitaliy Mykolenko,Everton,1.0,42,30,11,1,0,0,3,10,0,0,0,0,33,1,0
819,Obite N'Dicka,Roma,1.0,55,46,9,2,0,0,0,0,0,0,0,0,47,0,0
820,Keito Nakamura,Reims,0.8,24,22,2,1,0,0,0,1,0,0,0,0,21,0,0
821,Jesus Navas,Sevilla,0.2,20,19,1,1,0,0,4,0,0,0,0,0,18,0,0
822,Michel Ndary Adopo,Cagliari,0.2,8,8,0,0,0,0,0,0,0,0,0,0,6,0,1
823,Iliman Ndiaye,Everton,0.3,4,4,0,0,0,0,0,0,0,0,0,0,3,0,0
824,Rassoul Ndiaye,Le Havre,0.8,18,18,0,0,0,0,0,0,0,0,0,0,11,0,1
825,Wilfred Ndidi,Leicester City,1.0,35,34,1,1,0,0,0,0,0,0,0,0,27,0,1
826,Tanguy Ndombele,Nice,1.0,34,34,0,0,0,0,1,0,0,0,0,0,28,0,0
827,Dan Ndoye,Bologna,1.0,33,32,1,0,0,1,5,1,0,0,0,0,21,0,1
828,Kosta Nedeljkovic,Aston Villa,0.1,7,6,1,0,0,0,0,1,0,0,0,0,6,0,0
829,Loic Nego,Le Havre,1.0,23,17,6,0,0,0,1,6,0,0,0,0,17,0,2
830,Neto,Bournemouth,1.0,34,25,8,2,0,0,0,0,0,0,0,0,23,1,0
832,Pedro Neto,Chelsea,0.4,19,19,0,0,0,0,3,0,0,0,0,0,17,0,0
833,Joao Neves,Paris S-G,0.5,46,45,1,0,0,1,1,0,0,0,0,0,42,0,0
834,Yvan Neyou,Leganés,1.0,39,37,1,1,0,0,1,0,0,0,0,0,23,1,0
835,Cyril Ngonge,Napoli,0.1,7,7,0,0,0,0,0,0,0,0,0,0,6,0,0
836,Steve Ngoura,Le Havre,0.2,8,5,3,0,0,0,0,0,0,0,0,0,6,0,1
837,Moussa Niakhate,Lyon,1.0,51,48,3,1,0,0,0,2,0,0,0,0,42,0,0
838,Ibrahima Niane,Angers,0.2,11,11,0,0,0,0,1,0,0,0,0,0,9,0,0
839,Tanguy Nianzou,Sevilla,1.0,60,58,2,2,0,1,0,0,0,0,0,0,56,0,0
840,Rasmus Nicolaisen,Toulouse,1.0,54,52,2,1,0,0,0,1,0,0,0,0,48,0,1
841,Christopher Nkunku,Chelsea,0.6,26,26,0,0,0,1,0,0,0,0,0,0,26,0,0
842,Arnaud Nordin,Montpellier,1.0,10,10,0,0,0,0,1,0,0,0,0,0,7,0,0
843,Tijjani Noslin,Lazio,0.8,32,32,0,0,1,0,3,0,0,0,0,0,26,0,1
844,Hugo Novoa,Alavés,0.4,10,10,0,0,0,0,2,0,0,0,0,0,7,0,2
845,Randy Nteka,Rayo Vallecano,0.7,10,9,1,0,0,0,1,0,0,0,0,0,7,0,0
846,Ernest Nuamah,Lyon,0.8,28,24,4,0,0,1,1,2,2,1,0,0,24,0,1
847,Orjan Nyland,Sevilla,1.0,50,44,6,2,0,0,0,0,0,0,0,0,29,0,0
848,Marwann Nzuzi,Saint-Étienne,0.9,32,22,10,0,0,0,0,10,0,0,0,0,26,0,0
849,Christian Norgaard,Brentford,1.0,43,42,0,0,0,0,0,0,0,0,0,0,31,1,2
850,Jan Oblak,Atlético Madrid,1.0,20,13,7,1,0,0,0,0,0,0,0,0,19,0,0
851,Lucas Ocampos,Sevilla,1.0,50,49,1,0,0,2,1,1,0,0,0,0,37,0,2
852,Jens Odgaard,Bologna,0.0,3,3,0,0,0,0,1,0,0,0,0,0,2,0,0
853,Noah Okafor,Milan,0.1,3,3,0,0,0,0,1,0,0,0,0,0,1,0,0
854,Maduka Okoye,Udinese,1.0,22,15,7,3,0,0,0,0,0,0,0,0,8,0,0
855,Joseph Okumu,Reims,1.0,33,29,4,4,0,0,0,0,0,0,0,0,25,0,0
856,Ben Old,Saint-Étienne,0.7,7,7,0,0,0,0,0,0,0,0,0,0,6,0,0
858,Lucas Oliveira Rosa,Valladolid,1.0,48,35,11,1,0,0,2,10,0,0,0,0,34,2,2
859,Mathias Olivera,Napoli,0.4,23,21,2,0,0,0,0,2,0,0,0,0,18,0,0
860,Becir Omeragic,Montpellier,1.0,35,29,6,1,0,0,0,0,0,0,0,0,32,0,0
861,Ado Onaiwu,Auxerre,1.0,38,38,0,0,0,0,0,0,0,0,0,0,30,0,1
862,Amadou Onana,Aston Villa,1.0,31,31,0,0,0,0,0,0,0,0,0,0,30,0,0
863,Andre Onana,Manchester Utd,1.0,29,28,1,1,0,0,0,0,0,0,0,0,22,0,0
864,Frank Onyeka,Brentford,0.1,1,1,0,0,0,0,0,0,0,0,0,0,1,0,0
865,Christopher Operi,Le Havre,1.0,34,22,12,4,0,1,4,7,1,1,0,0,26,0,1
866,Victor Orakpo,Nice,0.1,3,2,1,0,0,0,0,0,0,0,0,0,3,0,0
867,Gaetano Oristanio,Venezia,0.6,3,3,0,0,0,0,1,0,0,0,0,0,2,0,0
868,Aimar Oroz,Osasuna,1.0,42,42,0,0,0,1,1,0,0,0,0,0,38,0,0
869,Riccardo Orsolini,Bologna,0.8,28,27,1,0,1,0,4,0,1,1,0,0,19,0,1
870,Gabriel Osei Misehouy,Girona,0.2,7,6,1,0,0,0,1,0,1,1,0,0,6,0,0
871,Gabriel Osho,Auxerre,1.0,45,42,3,1,0,0,0,0,0,0,0,0,45,0,0
872,Jibril Othman,Saint-Étienne,0.1,1,1,0,0,0,0,0,0,0,0,0,0,1,0,0
873,David Otorbi,Valencia,0.2,4,4,0,0,0,0,0,0,0,0,0,0,2,0,0
874,Dango Ouattara,Bournemouth,0.8,21,21,0,0,0,0,1,0,0,0,0,0,8,0,1
875,Zinedine Ould Khaled,Angers,0.1,4,4,0,0,0,0,0,0,0,0,0,0,3,0,0
876,Beres Owusu,Saint-Étienne,1.0,32,26,6,0,0,0,1,6,0,0,0,0,20,0,1
877,Elisha Owusu,Auxerre,1.0,38,37,1,1,0,0,0,0,0,0,0,0,34,0,0
878,Mikel Oyarzabal,Real Sociedad,0.9,17,14,3,0,0,0,0,1,0,0,0,0,10,0,0
879,Jon Pacheco,Real Sociedad,1.0,51,45,6,5,0,0,0,0,0,0,0,0,45,0,0
880,Willian Pacho,Paris S-G,1.0,102,101,1,1,0,0,0,0,0,0,0,0,100,0,0
881,Alex Padilla,Athletic Club,1.0,43,29,14,5,0,0,0,0,0,0,0,0,26,0,0
882,Isaac Palazon Camacho,Rayo Vallecano,1.0,25,22,2,0,0,0,2,0,2,1,0,0,19,1,2
884,Marco Palestra,Atalanta,0.0,0,0,0,0,0,0,0,0,0,0,0,0,0,0,0
885,Nicolas Pallois,Nantes,0.0,0,0,0,0,0,0,0,0,0,0,0,0,0,0,0
886,Cole Palmer,Chelsea,1.0,47,41,5,2,0,0,5,1,2,1,0,0,37,1,0
887,Emerson Palmieri,West Ham,1.0,51,44,7,1,0,0,1,6,0,0,0,0,46,0,0
888,Lucas Paqueta,West Ham,0.8,58,54,4,1,0,0,0,1,0,0,0,0,47,0,2
889,Aitor Paredes,Athletic Club,0.9,56,54,2,2,0,2,0,0,0,0,0,0,49,0,1
890,Daniel Parejo,Villarreal,1.0,59,58,1,1,0,0,0,0,0,0,0,0,55,0,0
891,Fabiano Parisi,Fiorentina,0.3,12,12,0,0,0,1,0,0,0,0,0,0,11,0,0
892,Thomas Partey,Arsenal,1.0,37,35,2,1,0,0,0,0,0,0,0,0,33,0,0
893,Mario Pasalic,Atalanta,1.0,65,65,0,0,0,0,0,0,0,0,0,0,62,0,0
894,Leonardo Pavoletti,Cagliari,0.2,7,7,0,0,0,0,0,0,0,0,0,0,4,0,1
895,Martin Payero,Udinese,1.0,27,25,2,1,0,2,2,1,0,0,0,0,16,0,2
896,Pedri,Barcelona,0.3,20,20,0,0,0,1,0,0,0,0,0,0,15,0,0
897,Pedro,Lazio,0.0,2,2,0,0,0,0,1,0,0,0,0,0,1,0,0
898,Kevin Pedro,Saint-Étienne,0.1,11,8,3,0,0,0,1,3,0,0,0,0,6,0,0
899,Adria Pedrosa,Sevilla,1.0,41,32,8,3,0,0,2,5,0,0,0,0,30,1,3
900,Lorenzo Pellegrini,Roma,1.0,30,25,5,4,0,0,3,1,0,0,0,0,24,0,1
901,Theo Pellenard,Auxerre,0.4,19,11,7,1,0,0,2,6,0,0,0,0,14,1,0
902,Faris Pemi Moumbagna,Marseille,0.1,0,0,0,0,0,0,0,0,0,0,0,0,0,0,0
903,Ruben Pena,Osasuna,0.1,7,7,0,0,0,0,2,0,0,0,0,0,2,0,0
904,Nicolas Pepe,Villarreal,0.2,6,6,0,0,0,0,0,0,0,0,0,0,6,0,0
905,Peque,Sevilla,0.1,7,7,0,0,0,0,0,0,0,0,0,0,5,0,1
906,Andreas Pereira,Fulham,1.0,55,39,16,5,0,0,12,1,8,6,2,0,37,0,0
907,Mathias Pereira Lage,Brest,0.8,17,17,0,0,0,0,1,0,0,0,0,0,13,0,0
908,Ayoze Perez,Villarreal,0.1,8,7,0,0,0,0,0,0,0,0,0,0,6,1,0
910,Carles Perez,Getafe,0.5,9,8,1,1,0,0,1,0,0,0,0,0,6,0,0
911,Kike Perez,Valladolid,0.9,45,42,2,2,0,2,1,0,0,0,0,0,41,1,0
912,Luis Perez,Valladolid,1.0,59,47,12,0,1,0,5,12,0,0,0,0,47,0,0
913,Nehuen Perez,Udinese,1.0,29,24,5,4,0,1,0,0,0,0,0,0,24,0,1
914,Romain Perraud,Betis,1.0,33,26,7,0,0,0,1,7,0,0,0,0,22,0,4
915,Lucas Perri,Lyon,1.0,26,16,10,1,0,1,0,0,0,0,0,0,18,0,0
916,Gaetan Perrin,Auxerre,0.9,42,35,7,3,0,0,6,1,3,0,2,0,33,0,2
917,Matteo Pessina,Monza,0.5,12,10,1,1,0,0,0,0,0,0,0,0,9,1,0
918,Andrea Petagna,Monza,1.0,21,20,1,0,0,1,1,0,0,0,0,0,10,0,1
919,Giuseppe Pezzella,Empoli,1.0,32,15,17,3,0,0,8,10,4,2,1,0,16,0,0
920,Jaden Philogene Bidace,Aston Villa,0.2,9,9,0,0,0,0,0,0,0,0,0,0,7,0,1
921,Roberto Piccoli,Cagliari,0.9,18,17,0,0,0,0,1,0,0,0,0,0,12,1,1
922,Jordan Pickford,Everton,1.0,47,39,8,4,0,0,0,0,0,0,0,0,33,0,0
923,Nicholas Pierini,Venezia,0.4,13,11,2,0,0,0,3,0,2,0,2,0,9,0,0
924,Santiago Pierotti,Lecce,0.2,5,5,0,0,0,0,0,0,0,0,0,0,5,0,0
925,Balthazar Pierret,Lecce,0.5,15,14,1,1,0,0,0,0,0,0,0,0,14,0,0
926,Ethan Pinnock,Brentford,1.0,42,38,4,4,0,0,0,0,0,0,0,0,34,0,0
927,Yeremi Pino,Villarreal,0.8,22,22,0,0,0,0,0,0,0,0,0,0,17,0,2
928,Semuel Pizzignacco,Monza,1.0,40,32,8,1,0,0,0,0,0,0,0,0,25,0,0
929,Daniel Podence,Wolves,0.2,4,3,1,1,0,0,1,0,0,0,0,0,2,0,1
930,Matteo Politano,Napoli,1.0,50,40,10,3,0,1,8,3,3,2,0,0,34,0,2
931,Marin Pongracic,Fiorentina,0.9,43,42,1,1,0,0,0,0,0,0,0,0,37,0,1
932,Nick Pope,Newcastle Utd,1.0,26,13,13,3,0,0,0,0,0,0,0,0,10,0,0
933,Pedro Porro,Tottenham,1.0,57,50,7,1,0,0,4,6,0,0,0,0,49,0,0
934,Portu,Girona,0.7,27,23,3,0,0,0,3,0,3,2,1,0,19,1,1
936,Stefan Posch,Bologna,1.0,72,58,14,3,0,1,2,11,0,0,0,0,65,0,1
937,Benat Prados,Athletic Club,0.6,28,28,0,0,0,0,0,0,0,0,0,0,20,0,0
938,Matteo Prati,Cagliari,0.8,36,34,2,2,0,0,1,0,0,0,0,0,27,0,0
939,Ivan Provedel,Lazio,1.0,43,41,2,2,0,1,0,0,0,0,0,0,38,0,0
940,Javi Puado,Espanyol,1.0,26,25,1,0,0,0,0,0,0,0,0,0,22,0,1
941,Christian Pulisic,Milan,0.8,33,33,0,0,0,0,2,0,0,0,0,0,28,0,0
942,Jarell Quansah,Liverpool,0.5,28,27,1,1,0,0,0,0,0,0,0,0,25,0,0
943,Dani Raba,Leganés,0.3,10,9,1,1,0,0,1,0,0,0,0,0,7,0,1
944,Hamza Rafia,Lecce,0.9,50,45,5,4,1,0,3,0,0,0,0,0,43,0,0
945,Antonio Raillo,Mallorca,1.0,40,33,7,2,0,0,0,0,0,0,0,0,39,0,0
946,Antonio Raimondo,Venezia,0.1,3,3,0,0,0,0,0,0,0,0,0,0,2,0,0
947,Ylber Ramadani,Lecce,0.8,48,47,1,1,0,0,0,0,0,0,0,0,41,0,0
948,Sandro Ramirez,Las Palmas,0.3,5,5,0,0,0,0,1,0,0,0,0,0,3,0,0
949,Goncalo Ramos,Paris S-G,0.2,2,2,0,0,0,0,0,0,0,0,0,0,1,0,0
950,Jacob Ramsey,Aston Villa,0.3,13,12,0,0,0,0,0,0,0,0,0,0,12,1,0
951,Lilian Raolisoa,Angers,0.2,3,2,1,0,0,0,1,0,1,0,1,0,2,0,0
952,Raphinha,Barcelona,1.0,52,43,8,1,1,1,6,0,6,0,2,0,35,1,1
953,Marcus Rashford,Manchester Utd,1.0,30,30,0,0,0,1,1,0,0,0,0,0,22,0,0
954,Giacomo Raspadori,Napoli,0.5,21,16,5,1,0,0,4,1,2,1,1,0,15,0,2
955,Andrei Ratiu,Rayo Vallecano,0.9,21,13,8,0,1,0,1,8,0,0,0,0,14,0,0
956,Raul,Osasuna,0.0,0,0,0,0,0,0,0,0,0,0,0,0,0,0,0
957,Rayan Raveloson,Auxerre,1.0,40,37,3,3,0,0,0,0,0,0,0,0,38,0,1
958,David Raya,Arsenal,1.0,37,31,6,1,0,0,0,0,0,0,0,0,28,0,0
959,Harrison Reed,Fulham,0.0,1,1,0,0,0,0,0,0,0,0,0,0,1,0,0
960,Bobby Reid,Leicester City,0.9,24,24,0,0,0,0,1,0,0,0,0,0,15,0,2
962,Tijjani Reijnders,Milan,0.4,32,31,0,0,1,0,1,0,0,0,0,0,28,1,0
963,Pepe Reina,Como,1.0,28,25,3,1,0,0,0,0,0,0,0,0,20,0,0
964,Alex Remiro,Real Sociedad,1.0,35,31,4,1,0,0,0,0,0,0,0,0,28,0,0
965,Guillaume Restes,Toulouse,1.0,24,18,6,0,0,0,0,0,0,0,0,0,21,0,0
966,Mateo Retegui,Atalanta,0.9,13,13,0,0,0,0,1,0,0,0,0,0,8,0,0
967,Alexsandro Ribeiro,Lille,1.0,76,76,0,0,0,1,0,0,0,0,0,0,65,0,0
968,Samuele Ricci,Torino,1.0,27,26,1,1,0,0,0,0,0,0,0,0,26,0,1
969,Declan Rice,Arsenal,0.9,31,25,6,2,0,1,5,0,4,3,0,0,26,0,0
970,Chris Richards,Crystal Palace,0.9,41,39,2,1,0,0,0,1,0,0,0,0,37,0,0
971,Richarlison,Tottenham,0.0,5,5,0,0,0,0,0,0,0,0,0,0,3,0,1
972,Diego Rico,Getafe,1.0,31,20,10,0,0,1,0,10,0,0,0,0,23,1,0
973,Luis Rioja,Alavés,0.3,11,9,2,1,0,0,6,1,0,0,0,0,5,0,0
974,Andrew Robertson,Liverpool,0.9,79,58,21,3,0,0,11,12,6,5,0,0,61,0,2
975,Antonee Robinson,Fulham,1.0,42,33,9,1,0,0,1,8,0,0,0,0,32,0,1
976,Marc Roca,Betis,0.8,18,18,0,0,0,0,0,0,0,0,0,0,14,0,0
977,Rodri,Betis,0.4,15,14,1,0,0,1,1,1,0,0,0,0,11,0,2
978,Damian Rodriguez,Celta Vigo,1.0,51,47,4,2,0,0,2,0,2,2,0,0,44,0,2
979,Dani Rodriguez,Mallorca,0.7,28,22,6,1,1,1,5,0,5,3,1,0,19,0,1
980,Guido Rodriguez,West Ham,0.9,46,44,2,2,0,2,0,0,0,0,0,0,40,0,2
981,Javi Rodriguez,Celta Vigo,0.5,29,26,3,2,0,0,1,1,0,0,0,0,26,0,1
982,Kirian Rodriguez,Las Palmas,1.0,80,72,7,7,0,0,2,0,0,0,0,0,65,1,0
983,Rodrygo,Real Madrid,1.0,69,65,4,0,0,0,4,0,4,1,2,0,60,0,1
984,Mads Roerslev,Brentford,1.0,43,38,5,0,0,1,1,5,0,0,0,0,34,0,1
985,Morgan Rogers,Aston Villa,1.0,24,21,3,1,0,0,1,0,0,0,0,0,19,0,1
986,Alessio Romagnoli,Lazio,1.0,81,74,7,2,0,0,0,0,0,0,0,0,74,0,0
988,Carlos Romero,Espanyol,1.0,51,41,10,1,0,0,1,9,0,0,0,0,38,0,4
989,Cristian Romero,Tottenham,1.0,97,91,6,3,0,0,1,0,0,0,0,0,89,0,0
990,Isaac Romero,Sevilla,0.9,19,16,3,0,0,0,1,0,0,0,0,0,15,0,0
991,Luka Romero,Alavés,0.6,15,15,0,0,0,0,3,0,0,0,0,0,10,0,0
992,Oriol Romeu,Girona,0.7,54,53,1,1,0,0,0,0,0,0,0,0,49,0,1
993,Valentin Rongier,Marseille,0.0,17,16,1,1,0,0,0,0,0,0,0,0,17,0,0
994,Marten de Roon,Atalanta,1.0,60,57,3,2,0,0,1,1,0,0,0,0,54,0,0
995,Pablo Rosario,Nice,1.0,87,85,2,2,0,0,0,0,0,0,0,0,79,0,1
996,Valentin Rosier,Leganés,1.0,43,28,15,1,0,0,1,14,0,0,0,0,29,0,0
997,Nicolo Rovella,Lazio,0.7,74,71,3,1,0,0,4,0,2,0,2,0,68,0,0
998,Amir Rrahmani,Napoli,1.0,88,81,7,6,0,0,0,1,0,0,0,0,78,0,0
999,Antonio Rudiger,Real Madrid,1.0,73,68,5,2,0,1,0,1,0,0,0,0,65,0,0
1000,Matteo Ruggeri,Atalanta,1.0,74,66,8,0,0,1,5,7,1,0,1,0,59,0,2
1001,Aitor Ruibal,Betis,0.8,16,15,1,0,0,0,0,0,0,0,0,0,11,0,2
1002,Abel Ruiz,Girona,0.9,15,13,2,0,0,0,0,0,0,0,0,0,14,0,0
1003,Geronimo Rulli,Marseille,1.0,48,43,5,1,0,0,0,0,0,0,0,0,43,0,0
1004,Jose Sa,Wolves,1.0,40,31,9,4,0,0,0,0,0,0,0,0,23,0,0
1005,Youssouf Sabaly,Betis,1.0,37,30,7,0,1,0,2,7,0,0,0,0,30,0,3
1006,Stefano Sabelli,Genoa,0.2,5,5,0,0,0,0,4,0,0,0,0,0,2,0,0
1007,Falaye Sacko,Montpellier,1.0,29,20,9,1,0,0,1,8,0,0,0,0,26,0,1
1008,Alexis Saelemaekers,Milan,1.0,78,64,13,2,0,0,10,7,4,2,1,0,66,1,0
1009,Modibo Sagnan,Montpellier,1.0,48,46,2,0,0,0,0,0,0,0,0,0,40,0,0
1010,Richie Sagrado,Venezia,0.6,4,3,1,0,0,0,0,1,0,0,0,0,3,0,0
1011,Osame Sahraoui,Lille,1.0,50,49,0,0,0,0,3,0,0,0,0,0,42,1,0
1012,Wesley Said,Lens,0.8,17,16,1,0,0,0,2,0,0,0,0,0,13,0,0
1014,Bukayo Saka,Arsenal,0.9,25,22,3,0,0,0,5,0,3,2,0,0,20,0,1
1015,Marco Sala,Como,1.0,47,39,8,1,0,1,2,7,0,0,0,0,39,0,2
1016,Mohamed Salah,Liverpool,1.0,34,34,0,0,0,0,1,0,0,0,0,0,25,0,1
1017,Kike Salas,Sevilla,0.1,15,15,0,0,0,0,0,0,0,0,0,0,12,0,0
1018,William Saliba,Arsenal,1.0,62,57,5,4,0,0,0,0,0,0,0,0,54,0,0
1019,Mohammed Salisu,Monaco,1.0,73,71,2,2,0,1,0,0,0,0,0,0,61,0,1
1020,Mama Samba Balde,Lyon,0.2,3,3,0,0,0,0,0,0,0,0,0,0,2,0,0
1021,Brice Samba,Lens,1.0,33,22,11,5,0,1,0,0,0,0,0,0,27,0,0
1022,Chuky san jose,Valladolid,0.1,4,4,0,0,0,0,1,0,0,0,0,0,3,0,0
1023,Antonio Sanabria,Torino,0.7,11,10,1,0,0,0,0,0,0,0,0,0,7,0,0
1024,Oihan Sancet,Athletic Club,1.0,23,23,0,0,0,0,0,0,0,0,0,0,18,0,2
1025,Antonio Sanchez,Mallorca,0.3,4,4,0,0,0,0,0,0,0,0,0,0,0,0,0
1026,Ivan Sanchez,Valladolid,0.2,3,3,0,0,0,1,1,0,0,0,0,0,2,0,0
1027,Javi Sanchez,Valladolid,0.7,42,39,1,1,0,0,0,0,0,0,0,0,37,2,0
1028,Juanlu Sanchez,Sevilla,0.9,29,29,0,0,0,1,3,0,0,0,0,0,24,0,3
1029,Robert Sanchez,Chelsea,1.0,29,20,9,3,0,0,0,0,0,0,0,0,24,0,0
1030,Ibrahim Sangare,Nott'ham Forest,1.0,54,53,1,1,0,0,0,0,0,0,0,0,38,0,4
1031,Nhoa Sangui,Reims,0.3,10,9,1,0,0,0,0,1,0,0,0,0,8,0,0
1032,Baptiste Santamaria,Rennes,0.1,12,12,0,0,0,0,0,0,0,0,0,0,10,0,0
1033,Jesus Santiago,Getafe,0.1,0,0,0,0,0,0,0,0,0,0,0,0,0,0,0
1034,Tiago Santos,Lille,1.0,35,31,4,1,0,0,4,3,0,0,0,0,28,0,1
1035,Pablo Sarabia,Wolves,0.1,7,6,1,0,0,0,1,0,1,1,0,0,5,0,0
1036,Jeremy Sarmiento,Brighton,0.1,6,6,0,0,0,0,0,0,0,0,0,0,6,0,0
1037,Ismaila Sarr,Crystal Palace,0.1,2,2,0,0,0,0,0,0,0,0,0,0,2,0,0
1038,Teji Savanier,Montpellier,1.0,49,37,12,4,0,3,10,1,6,0,6,0,32,0,0
1040,Savio,Manchester City,0.5,16,16,0,0,1,0,2,0,0,0,0,0,12,0,0
1041,Nicolo Savona,Juventus,0.5,44,42,1,1,0,0,0,0,0,0,0,0,43,1,0
1042,Saba Sazonov,Torino,0.0,0,0,0,0,0,0,0,0,0,0,0,0,0,0,0
1043,Kevin Schade,Brentford,0.8,17,17,0,0,0,1,2,0,0,0,0,0,8,0,1
1044,Fabian Schar,Newcastle Utd,0.3,11,10,1,1,0,0,0,0,0,0,0,0,9,0,0
1045,Niklas Schmidt,Toulouse,0.7,64,57,7,1,0,2,7,0,6,2,4,0,50,0,0
1046,Alex Scott,Bournemouth,0.7,21,20,1,1,0,1,0,0,0,0,0,0,19,0,1
1047,Simone Scuffet,Cagliari,1.0,27,19,7,2,0,0,0,0,0,0,0,0,18,1,0
1048,Jeremy Sebas,Strasbourg,0.0,2,2,0,0,0,0,0,0,0,0,0,0,1,0,0
1049,Alidu Seidu,Rennes,1.0,42,37,5,0,1,0,1,5,0,0,0,0,33,0,1
1050,Matz Sels,Nott'ham Forest,1.0,48,41,6,2,0,0,0,0,0,0,0,0,36,1,0
1051,Antoine Semenyo,Bournemouth,1.0,33,33,0,0,0,1,3,0,0,0,0,0,22,0,2
1052,Marvin Senaya,Strasbourg,0.5,31,25,6,3,0,0,0,3,0,0,0,0,30,0,0
1053,Suat Serdar,Hellas Verona,0.2,8,7,1,1,0,0,0,0,0,0,0,0,4,0,2
1054,Sergi,Leganés,1.0,30,29,1,1,0,0,0,0,0,0,0,0,23,0,0
1055,Stephan El Shaarawy,Roma,0.0,2,2,0,0,0,0,0,0,0,0,0,0,2,0,0
1056,Djibril Sidibe,Toulouse,0.1,10,8,2,0,0,0,0,2,0,0,0,0,6,0,1
1057,Vincent Sierro,Toulouse,0.3,32,29,3,1,0,1,3,0,2,0,2,0,23,0,0
1058,Bernardo Silva,Manchester City,1.0,55,51,3,1,0,0,1,2,0,0,0,0,51,1,1
1059,Rui Silva,Betis,1.0,42,30,12,4,0,0,0,0,0,0,0,0,34,0,0
1060,Giovanni Simeone,Napoli,0.9,18,17,1,0,0,0,0,0,0,0,0,0,12,0,0
1061,Moses Simon,Nantes,0.8,24,24,0,0,0,0,4,0,0,0,0,0,18,0,2
1062,Lassine Sinayoko,Auxerre,1.0,32,32,0,0,0,0,1,0,0,0,0,0,30,0,0
1063,Luis Sinisterra,Bournemouth,0.7,15,15,0,0,0,0,0,0,0,0,0,0,12,0,1
1064,Jailson Siqueira,Celta Vigo,0.5,34,34,0,0,0,0,0,0,0,0,0,0,30,0,0
1066,Ibrahim Sissoko,Saint-Étienne,0.9,14,12,2,0,0,0,0,0,0,0,0,0,11,0,0
1067,Antonio Sivera,Alavés,1.0,32,19,13,7,0,0,0,0,0,0,0,0,12,0,0
1068,Leo Skiri Ostigard,Rennes,1.0,39,36,3,1,0,0,0,0,0,0,0,0,29,0,0
1069,Lukasz Skorupski,Bologna,1.0,37,32,5,1,0,0,0,0,0,0,0,0,32,0,0
1070,Naatan Skytta,Toulouse,0.1,4,4,0,0,0,0,0,0,0,0,0,0,4,0,0
1071,William Smallbone,Southampton,1.0,63,47,15,3,0,0,12,2,9,5,2,0,45,1,2
1072,Adam Smith,Bournemouth,0.7,21,15,6,1,0,0,1,5,0,0,0,0,18,0,0
1073,Emile Smith Rowe,Fulham,0.7,27,27,0,0,0,0,1,0,0,0,0,0,20,0,1
1074,Simon Sohm,Parma,0.8,17,17,0,0,0,0,0,0,0,0,0,0,8,0,1
1075,Alex Sola,Getafe,0.9,10,10,0,0,0,1,0,0,0,0,0,0,5,0,1
1076,Dominic Solanke,Tottenham,1.0,19,17,2,0,1,0,0,0,0,0,0,0,15,0,1
1077,Ola Solbakken,Empoli,0.2,3,3,0,0,0,0,0,0,0,0,0,0,1,0,0
1078,Jhon Solis,Girona,0.3,19,19,0,0,0,0,0,0,0,0,0,0,18,0,0
1079,Yann Sommer,Inter,1.0,31,26,4,0,0,0,0,0,0,0,0,0,24,1,0
1080,David Soria,Getafe,1.0,18,13,5,3,0,0,0,0,0,0,0,0,8,0,0
1081,Juan Soriano,Leganés,1.0,32,17,15,3,0,0,0,0,0,0,0,0,11,0,0
1082,Florian Sotoca,Lens,1.0,44,43,0,0,0,0,2,0,0,0,0,0,29,1,3
1083,Riccardo Sottil,Fiorentina,0.1,4,4,0,0,0,0,1,0,0,0,0,0,3,0,0
1084,Tomas Soucek,West Ham,1.0,16,16,0,0,0,0,1,0,0,0,0,0,10,0,0
1085,Matias Soule,Roma,1.0,50,45,5,1,0,1,5,3,1,1,0,0,39,0,0
1086,Boubakary Soumare,Leicester City,0.1,3,3,0,0,0,0,0,0,0,0,0,0,3,0,0
1087,Djibril Sow,Sevilla,1.0,42,40,1,1,0,0,0,0,0,0,0,0,38,1,0
1088,Saidou Sow,Strasbourg,1.0,60,60,0,0,0,0,0,0,0,0,0,0,53,0,0
1089,Djed Spence,Tottenham,0.0,9,9,0,0,0,0,0,0,0,0,0,0,9,0,0
1090,Leonardo Spinazzola,Napoli,0.6,23,19,4,0,0,0,1,4,0,0,0,0,19,0,1
1092,Jay Stansfield,Fulham,0.0,0,0,0,0,0,0,0,0,0,0,0,0,0,0,0
1093,Carl Starfelt,Celta Vigo,0.5,59,58,1,1,0,0,0,0,0,0,0,0,58,0,0
1094,Jason Steele,Brighton,1.0,62,58,4,2,0,0,0,0,0,0,0,0,56,0,0
1095,Jack Stephens,Southampton,1.0,91,89,2,1,0,0,0,1,0,0,0,0,85,0,0
1096,Enzo Sternal,Marseille,0.1,3,3,0,0,0,0,0,0,0,0,0,0,3,0,0
1097,Stoichkov,Alavés,0.3,7,7,0,0,1,0,0,0,0,0,0,0,4,0,1
1098,Jorgen Strand Larsen,Wolves,0.9,12,11,1,0,0,0,0,0,0,0,0,0,8,0,0
1099,Gabriel Strefezza,Como,1.0,30,30,0,0,0,0,4,0,0,0,0,0,23,0,1
1100,Cristhian Stuani,Girona,0.1,1,1,0,0,0,0,0,0,0,0,0,0,1,0,0
1101,Alex Suarez,Las Palmas,1.0,49,44,5,1,0,0,0,0,0,0,0,0,44,0,0
1102,Gabriel Suazo,Toulouse,0.3,22,17,5,2,0,0,3,2,1,0,1,0,16,0,1
1103,Luka Sucic,Real Sociedad,0.1,9,8,1,0,0,1,0,0,0,0,0,0,7,0,0
1104,Yukinari Sugawara,Southampton,0.5,35,29,6,0,0,1,3,6,0,0,0,0,22,0,4
1105,Ibrahim Sulemana,Atalanta,0.0,0,0,0,0,0,0,0,0,0,0,0,0,0,0,0
1106,Crysencio Summerville,West Ham,0.2,12,12,0,0,0,0,2,0,0,0,0,0,11,0,1
1107,Tomas Suslov,Hellas Verona,0.4,3,2,0,0,0,0,0,0,0,0,0,0,2,1,0
1108,Zion Suzuki,Parma,1.0,37,28,9,5,0,0,0,0,0,0,0,0,28,0,0
1109,Marin Sverko,Venezia,1.0,52,43,9,5,0,0,0,4,0,0,0,0,43,0,3
1110,Mile Svilar,Roma,1.0,40,28,12,4,0,0,0,0,0,0,0,0,32,0,0
1111,Michael Svoboda,Venezia,1.0,32,28,4,3,0,0,0,0,0,0,0,0,28,0,0
1112,Williot Swedberg,Celta Vigo,0.5,9,9,0,0,1,0,0,0,0,0,0,0,8,0,0
1113,Abakar Sylla,Strasbourg,0.5,33,24,9,2,0,0,0,3,0,0,0,0,30,0,1
1114,Mamadou Sylla,Valladolid,1.0,13,13,0,0,0,0,1,0,0,0,0,0,8,0,2
1115,Sammie Szmodics,Ipswich Town,0.2,4,4,0,0,0,0,0,0,0,0,0,0,4,0,0
1116,Dominik Szoboszlai,Liverpool,1.0,50,46,4,0,2,1,2,2,1,1,0,0,44,0,0
1118,Alexander Sorloth,Atlético Madrid,0.5,11,8,2,0,0,0,0,0,0,0,0,0,7,1,1
1119,Musa Al-Taamari,Montpellier,1.0,18,18,0,0,0,0,0,0,0,0,0,0,16,0,2
1120,Adrien Tameze,Torino,0.2,5,5,0,0,0,0,0,0,0,0,0,0,5,0,0
1121,Renato Tapia,Leganés,0.0,1,0,1,1,0,0,0,0,0,0,0,0,0,0,0
1122,Florian Tardieu,Saint-Étienne,0.9,47,43,3,3,0,1,0,0,0,0,0,0,35,1,0
1123,Mehdi Taremi,Inter,0.2,3,3,0,0,0,0,0,0,0,0,0,0,3,0,0
1124,James Tarkowski,Everton,1.0,54,51,2,2,0,0,0,0,0,0,0,0,45,1,0
1125,Marcus Tavernier,Bournemouth,1.0,49,41,6,2,0,0,5,1,1,1,0,0,35,2,1
1126,Jack Taylor,Ipswich Town,0.3,19,19,0,0,0,0,0,0,0,0,0,0,15,0,2
1127,Loum Tchaouna,Lazio,0.2,10,9,1,0,0,0,1,0,1,0,1,0,9,0,0
1128,Jackson Tchatchoua,Hellas Verona,1.0,27,24,3,0,0,0,3,3,0,0,0,0,22,0,1
1129,Enzo Tchato,Montpellier,1.0,38,29,9,1,0,0,5,8,0,0,0,0,28,0,0
1130,Aurelien Tchouameni,Real Madrid,0.7,58,55,3,3,0,0,0,0,0,0,0,0,57,0,0
1131,Alvaro Tejero,Espanyol,0.8,33,28,5,1,0,1,5,3,1,0,1,0,23,0,1
1132,Martin Tejon,Valencia,0.2,7,7,0,0,0,0,0,0,0,0,0,0,6,0,0
1133,Nahuel Tenaglia,Alavés,1.0,22,18,3,0,0,0,0,0,0,0,0,0,16,1,0
1134,Casper Tengstedt,Hellas Verona,0.8,7,6,1,0,0,0,0,0,0,0,0,0,4,0,0
1135,Marc-Andre ter Stegen,Barcelona,1.0,41,34,7,4,0,0,0,0,0,0,0,0,34,0,0
1136,Pietro Terracciano,Fiorentina,1.0,28,21,7,0,0,0,0,0,0,0,0,0,21,0,0
1137,Ramon Terrats,Villarreal,0.0,4,4,0,0,0,1,0,0,0,0,0,0,4,0,0
1138,Kenny Tete,Fulham,1.0,32,26,6,0,0,0,2,6,0,0,0,0,24,0,1
1139,Florian Thauvin,Udinese,0.8,20,16,3,2,0,1,5,0,1,0,1,0,10,1,1
1140,Malick Thiaw,Milan,1.0,58,56,2,2,0,0,0,0,0,0,0,0,52,0,0
1141,Sorba Thomas,Nantes,1.0,30,26,4,0,0,0,8,0,4,1,3,0,22,0,0
1142,Adrien Thomasson,Lens,1.0,59,58,1,1,0,0,1,0,0,0,0,0,48,0,1
1144,Morten Thorsby,Genoa,0.2,4,4,0,0,0,0,0,0,0,0,0,0,2,0,1
1145,Khephren Thuram,Juventus,0.7,34,32,2,2,0,0,0,0,0,0,0,0,31,0,0
1146,Marcus Thuram,Inter,1.0,14,13,0,0,1,0,1,0,0,0,0,0,8,1,0
1147,Youri Tielemans,Aston Villa,1.0,53,51,2,1,1,0,2,0,1,1,0,0,47,0,0
1148,Jurrien Timber,Arsenal,0.2,10,7,3,0,0,0,0,3,0,0,0,0,9,0,0
1149,Jean-Clair Todibo,West Ham,0.1,7,7,0,0,0,0,0,0,0,0,0,0,7,0,0
1150,Harry Toffolo,Nott'ham Forest,0.4,30,19,11,0,0,0,3,10,1,1,0,0,22,0,2
1151,Corentin Tolisso,Lyon,0.1,6,6,0,0,0,0,0,0,0,0,0,0,6,0,0
1152,Fikayo Tomori,Milan,1.0,47,46,1,1,0,0,1,0,0,0,0,0,44,0,0
1153,David Torres,Valladolid,0.1,2,2,0,0,0,0,0,0,0,0,0,0,1,0,0
1154,Ferran Torres,Barcelona,0.7,16,13,3,1,0,0,4,0,2,1,0,0,11,0,0
1155,Pau Torres,Aston Villa,1.0,58,49,9,5,0,0,1,1,0,0,0,0,48,0,1
1156,Lucas Torro,Osasuna,1.0,64,64,0,0,0,0,1,0,0,0,0,0,47,0,2
1157,Abdoulaye Toure,Le Havre,1.0,30,28,1,1,0,0,0,0,0,0,0,0,25,1,0
1158,Adama Traore,Fulham,0.9,21,21,0,0,0,0,1,0,0,0,0,0,14,0,0
1159,Hamari Traore,Real Sociedad,0.8,50,33,17,4,0,1,0,13,0,0,0,0,40,0,1
1160,Leandro Trossard,Arsenal,0.1,4,2,2,0,0,0,1,1,1,1,0,0,3,0,0
1161,Adrien Truffert,Rennes,0.0,2,2,0,0,0,0,0,0,0,0,0,0,2,0,0
1162,Kostas Tsimikas,Liverpool,0.1,13,13,0,0,0,0,0,0,0,0,0,0,12,0,0
1163,Axel Tuanzebe,Ipswich Town,0.8,27,23,4,1,0,1,0,3,0,0,0,0,23,0,0
1164,Benat Turrientes,Real Sociedad,0.7,25,19,6,0,0,0,5,1,5,4,0,0,19,0,0
1165,Chrisantus Uche,Getafe,1.0,11,9,2,0,0,0,0,0,0,0,0,0,7,0,0
1166,Destiny Udogie,Tottenham,1.0,71,64,6,0,0,0,1,6,0,0,0,0,61,1,2
1167,Oscar Valentin,Rayo Vallecano,1.0,29,29,0,0,0,1,0,0,0,0,0,0,26,0,0
1168,Emanuele Valeri,Parma,1.0,31,24,7,0,0,3,1,7,0,0,0,0,22,0,1
1170,Martin Valjent,Mallorca,1.0,18,17,1,0,0,0,0,1,0,0,0,0,15,0,0
1171,Federico Valverde,Real Madrid,1.0,78,77,1,0,0,1,0,1,0,0,0,0,69,0,0
1172,Virgil van Dijk,Liverpool,1.0,86,82,4,1,0,1,0,1,0,0,0,0,81,0,0
1173,Vanderson,Monaco,1.0,68,52,15,1,1,0,3,14,0,0,0,0,53,1,1
1174,Jamie Vardy,Leicester City,0.9,10,7,2,0,0,0,0,0,0,0,0,0,4,1,0
1175,Devis Vasquez,Empoli,1.0,19,16,3,1,0,0,0,0,0,0,0,0,9,0,0
1176,Johan Vasquez,Genoa,0.3,9,7,2,2,0,0,0,0,0,0,0,0,4,0,0
1177,Jose Luis Garcia Vaya,Valencia,1.0,50,40,8,5,0,0,6,0,3,0,3,0,32,2,1
1178,Jesus Vazquez,Valencia,0.8,18,12,6,0,0,0,1,6,0,0,0,0,13,0,0
1179,Lucas Vazquez,Real Madrid,0.0,4,4,0,0,0,0,1,0,0,0,0,0,2,0,1
1180,Matias Vecino,Lazio,0.3,16,16,0,0,0,1,0,0,0,0,0,0,14,0,0
1181,Renato Veiga,Chelsea,0.1,9,8,1,0,0,0,0,1,0,0,0,0,8,0,0
1182,Alejo Veliz,Espanyol,0.8,15,14,1,0,0,0,0,0,0,0,0,0,9,0,0
1183,Joel Veltman,Brighton,1.0,52,48,4,3,0,0,1,1,0,0,0,0,42,0,1
1184,Micky van de Ven,Tottenham,1.0,96,95,1,0,0,1,0,0,0,0,0,0,90,0,0
1185,Simone Verdi,Como,0.3,9,8,1,1,0,0,2,0,0,0,0,0,4,0,1
1186,Mikel Vesga,Athletic Club,0.6,38,37,1,1,0,1,0,0,0,0,0,0,27,0,1
1187,Jannik Vestergaard,Leicester City,1.0,16,16,0,0,0,0,0,0,0,0,0,0,15,0,0
1188,Guglielmo Vicario,Tottenham,1.0,45,43,2,0,0,0,0,0,0,0,0,0,42,0,0
1189,Carlos Vicente,Alavés,1.0,48,35,13,1,0,0,4,10,2,0,1,0,42,0,1
1190,Pau Victor Delgado,Barcelona,0.1,6,6,0,0,0,0,0,0,0,0,0,0,5,0,0
1191,Samuele Vignato,Monza,0.8,15,15,0,0,0,0,1,0,0,0,0,0,10,0,0
1192,Asier Villalibre,Alavés,0.1,3,2,1,0,0,0,0,0,0,0,0,0,3,0,0
1193,Ivan Villar,Celta Vigo,1.0,24,14,10,0,0,0,0,0,0,0,0,0,21,0,0
1194,Viti,Las Palmas,0.2,9,5,4,1,0,0,0,3,0,0,0,0,8,0,0
1196,Mattia Viti,Empoli,1.0,31,25,6,5,0,2,0,0,0,0,0,0,23,0,0
1197,Vitinha,Genoa,1.0,13,11,2,0,0,1,1,0,0,0,0,0,8,0,0
1198,Vitinha,Paris S-G,1.0,124,119,5,5,2,3,0,0,0,0,0,0,119,0,3
1199,Daniel Vivian,Athletic Club,0.1,19,19,0,0,0,0,1,0,0,0,0,0,18,0,0
1200,Dusan Vlahovic,Juventus,1.0,9,8,1,0,1,0,0,0,0,0,0,0,6,0,0
1201,Alessandro Vogliacco,Genoa,0.7,24,22,2,0,0,0,1,2,0,0,0,0,20,0,0
1202,Mergim Vojvoda,Torino,1.0,57,55,2,2,1,1,0,0,0,0,0,0,53,0,0
1203,Elye Wahi,Marseille,0.8,9,8,1,0,0,0,0,0,0,0,0,0,5,0,0
1204,Kyle Walker-Peters,Southampton,0.9,75,68,7,1,1,0,4,5,1,0,0,0,65,0,2
1205,Christian Walton,Ipswich Town,1.0,42,32,10,4,0,0,0,0,0,0,0,0,33,0,0
1206,Sebastian Walukiewicz,Empoli,1.0,39,32,6,2,0,0,2,4,0,0,0,0,27,1,0
1207,James Ward-Prowse,West Ham,0.2,15,12,3,1,0,0,3,0,2,2,0,0,11,0,0
1208,Ollie Watkins,Aston Villa,0.7,5,5,0,0,0,0,0,0,0,0,0,0,4,0,1
1209,Timothy Weah,Juventus,0.5,22,22,0,0,0,0,2,0,0,0,0,0,15,0,2
1210,Adam Webster,Brighton,0.2,33,33,0,0,0,0,1,0,0,0,0,0,30,0,1
1211,Danny Welbeck,Brighton,1.0,18,18,0,0,0,0,0,0,0,0,0,0,16,0,1
1212,Timo Werner,Tottenham,0.1,19,17,2,0,0,0,2,2,0,0,0,0,14,0,2
1213,Adam Wharton,Crystal Palace,0.8,35,32,3,0,0,0,4,0,3,2,0,0,24,0,0
1214,Ben White,Arsenal,1.0,46,40,6,0,0,1,0,6,0,0,0,0,38,0,1
1215,Mats Wieffer,Brighton,1.0,72,72,0,0,0,1,0,0,0,0,0,0,63,0,0
1216,Mateusz Wieteska,Cagliari,1.0,44,43,1,1,0,0,0,0,0,0,0,0,38,0,0
1217,Caleb Wiley,Strasbourg,1.0,40,31,9,1,0,2,2,8,0,0,0,0,31,0,0
1218,Inaki Williams,Athletic Club,1.0,26,24,2,0,0,0,2,2,0,0,0,0,17,0,3
1219,Neco Williams,Nott'ham Forest,1.0,40,32,8,2,0,0,2,6,0,0,0,0,31,0,2
1220,Nico Williams,Athletic Club,0.2,8,7,0,0,0,0,1,0,0,0,0,0,4,1,1
1222,Harry Wilson,Fulham,0.1,6,5,1,1,1,0,0,0,0,0,0,0,5,0,0
1223,Harry Winks,Leicester City,1.0,41,34,7,5,0,0,3,0,2,0,2,0,34,0,0
1224,Yoane Wissa,Brentford,0.9,26,23,3,1,0,0,0,0,0,0,0,0,22,0,0
1225,Axel Witsel,Atlético Madrid,0.5,30,30,0,0,0,0,0,0,0,0,0,0,28,0,0
1226,Chris Wood,Nott'ham Forest,0.8,26,26,0,0,0,0,0,0,0,0,0,0,16,0,1
1227,Christopher Wooh,Rennes,1.0,36,33,3,1,0,0,0,0,0,0,0,0,34,0,1
1228,Luke Woolfenden,Ipswich Town,1.0,55,49,4,3,0,0,0,1,0,0,0,0,48,2,0
1229,Lamine Yamal,Barcelona,0.9,46,46,0,0,1,0,0,0,0,0,0,0,40,0,0
1230,Ryan Yates,Nott'ham Forest,0.8,37,33,4,2,0,0,0,0,0,0,0,0,35,0,0
1231,Kenan Yildiz,Juventus,1.0,39,36,1,0,0,0,2,0,1,1,0,0,36,2,0
1232,Ashley Young,Everton,0.7,38,25,12,0,0,0,3,12,0,0,0,0,26,1,3
1233,Etienne Youte Kinkoue,Le Havre,1.0,27,25,2,2,0,0,0,0,0,0,0,0,22,0,0
1234,Illia Zabarnyi,Bournemouth,1.0,57,53,4,4,0,1,0,0,0,0,0,0,45,0,0
1235,Mattia Zaccagni,Lazio,0.8,45,39,6,3,0,0,6,0,3,0,2,0,37,0,1
1236,Yoram Zague,Paris S-G,0.8,85,76,9,0,0,0,0,9,0,0,0,0,80,0,0
1237,Warren Zaire-Emery,Paris S-G,1.0,81,80,1,1,0,1,1,0,0,0,0,0,76,0,0
1238,Denis Zakaria,Monaco,0.8,32,31,1,0,1,0,0,1,0,0,0,0,26,0,1
1239,Nicola Zalewski,Roma,0.8,26,26,0,0,0,0,4,0,0,0,0,0,19,0,1
1240,Andre-Frank Zambo Anguissa,Napoli,1.0,57,57,0,0,0,0,0,0,0,0,0,0,53,0,0
1241,Francesco Zampano,Venezia,1.0,27,23,4,0,0,0,4,4,0,0,0,0,19,0,1
1242,Alessandro Zanoli,Genoa,0.8,6,5,1,0,0,0,0,1,0,0,0,0,3,0,0
1243,Duvan Zapata,Torino,0.8,13,13,0,0,0,0,1,0,0,0,0,0,8,0,0
1244,Gabriele Zappa,Cagliari,1.0,58,50,8,0,0,1,1,8,0,0,0,0,49,0,0
1245,Davide Zappacosta,Atalanta,0.7,30,24,6,1,0,0,4,4,1,0,1,0,26,0,1
1246,Bryan Zaragoza,Osasuna,0.3,18,17,1,0,0,0,5,0,1,1,0,0,10,0,1
1248,Jordan Zemura,Udinese,0.1,7,5,2,0,0,0,0,2,0,0,0,0,1,0,1
1249,Nathan Zeze,Nantes,1.0,63,60,3,2,0,0,0,0,0,0,0,0,52,0,0
1250,Oleksandr Zinchenko,Arsenal,0.8,61,50,11,4,0,1,1,7,0,0,0,0,52,0,1
1251,Joshua Zirkzee,Manchester Utd,0.3,9,9,0,0,0,0,0,0,0,0,0,0,8,0,0
1252,Luc Zogbe,Brest,0.1,8,7,1,0,0,0,1,1,0,0,0,0,6,0,0
1253,Martin Zubimendi,Real Sociedad,0.5,26,24,2,2,0,0,0,0,0,0,0,0,20,0,0
1254,Martin Odegaard,Arsenal,1.0,34,31,3,2,0,0,1,1,0,0,0,0,29,0,1
